,Method_Name,MR_ADD,MR_MUL,MR_PER,MR_INC,MR_EXC,MR_INV,VC_1,VC_2,VC_3,VC_4,VC_5,VC_6,VC_7,VC_8,VC_9,VC_10,VC_11,VC_12,VC_13,VC_14,VC_15,VC_16,VC_17,VC_18,VC_19,VC_20,VC_21,VC_22,VC_23,VC_24,VC_25,VC_26,VC_27,VC_28,VC_29,VC_30,VC_31,VC_32,VC_33,VC_34,VC_35,VC_36,VC_37,VC_38,VC_39,VC_40,VC_41,VC_42,VC_43,VC_44,VC_45,VC_46,VC_47,VC_48,VC_49,VC_50,VC_51,VC_52,VC_53,VC_54,VC_55,VC_56,VC_57,VC_58,VC_59,VC_60,VC_61,VC_62,VC_63,VC_64,VC_65,VC_66,VC_67,VC_68,VC_69,VC_70,VC_71,VC_72,VC_73,VC_74,VC_75,VC_76,VC_77,VC_78,VC_79,VC_80,VC_81,VC_82,VC_83,VC_84,VC_85,VC_86,VC_87,VC_88,VC_89,VC_90,VC_91,VC_92,VC_93,VC_94,VC_95,VC_96,VC_97,VC_98,VC_99,VC_100
1,get_array_value,1,1,0,1,1,1,0.834828,1.3212273,0.35627705,0.16094364,-0.72724015,-1.0771428,-0.95656914,-0.8862336,-0.2944793,0.8884957,-0.6484684,-1.0035961,-0.00001095701,-0.21604523,-0.84199494,0.9177138,-0.9372392,1.9849498,-0.7646537,1.8553843,2.002146,-0.61579454,-0.5907304,-0.9353876,0.7266128,-0.8234597,0.5107204,0.13024083,-0.8012749,-0.7475463,-0.3496784,-0.77784634,0.05148131,-0.28681776,-0.45296067,-0.40579373,2.08524,-0.3256042,-0.73789024,-0.45675763,-0.66512877,-0.6126296,-0.5095562,2.028167,0.23517205,1.4100482,0.0760765,0.31244913,-0.19378826,0.18881033,1.3118199,1.9941034,-0.22668886,-0.5225427,-0.7356581,-1.1157572,-0.98638076,0.54440844,-0.27904582,0.23293532,-0.26505852,-0.16784528,0.2642758,-0.71953917,-0.41677284,-0.9194402,-0.9243198,-0.7316192,-0.42373753,-0.48121515,1.097159,-0.74693286,-0.5083003,0.8237695,0.97190773,0.0071425233,-0.12015967,-0.47785994,-0.3077309,0.8753358,0.8030251,-0.21359025,-0.44608033,-0.6642021,-0.7400282,-0.8289668,-0.42991444,0.04144221,-0.045297634,1.3088086,-1.0087359,1.0277753,0.52960277,0.84390527,0.18615568,-0.29602823,-0.07645103,0.93478554,0.2228019,-0.64362675
2,polevl,1,1,0,1,1,1,1.8602977,0.70779103,1.2159113,0.25944898,-0.85631055,-1.1382363,-0.91642165,-0.8911557,-0.43264994,1.0155736,-0.65296626,-1.0158746,0.0885428,-0.12322234,-0.97502136,1.4099975,-0.8683579,2.068093,-0.87788284,1.615976,2.572332,-0.6197006,-0.72620493,-0.96379584,0.7128938,-0.9957502,0.70184606,0.22386087,-0.81021214,-0.7613213,0.07806213,-0.95227873,-0.05965,-0.13961914,-0.63151455,-0.48934135,1.246485,-0.35961756,-0.89813733,-0.5219818,-0.64423776,-0.6359907,-0.51471347,2.8784568,0.85353136,1.8147613,-0.29752463,0.1996573,-0.54125094,0.10067833,2.0909233,1.8698065,0.31191388,-0.3222001,-0.77003205,-1.1915718,-1.1265733,1.0675049,-0.48349515,0.883547,-0.31849223,-0.27737144,0.7758734,-0.62602216,-0.29968643,-0.8700403,-0.9063333,-0.5841459,-0.46608824,-0.51996505,1.2762624,-0.84470195,-0.44720858,1.0218912,1.1550461,-0.07231051,-0.14436051,-0.45957255,-0.55708563,1.1770097,0.858706,-0.16808599,-0.56033486,-0.8730645,-0.94978,-0.9269626,-0.43949717,0.5510384,-0.54267675,2.5152912,-1.1204021,1.2360766,0.6081308,1.6489761,0.2824087,-0.35137177,-0.26663545,1.6201386,0.5043625,-0.97137517
3,winsorizedMean,1,1,0,0,1,1,1.3086331,1.8416158,0.9818569,0.419899,-0.8386039,-1.2300148,-1.3550454,-0.89144987,-0.5134148,1.3564512,-0.86717296,-1.1667528,0.009094218,-0.09119222,-1.1759697,1.0125185,-1.0616996,2.7448807,-0.8479219,1.599813,3.0460827,-0.6664493,-0.6254491,-1.027366,1.4844711,-1.2658098,0.787148,-0.07158234,-0.84504724,-0.96216863,0.2208827,-0.23556699,-0.17679457,-0.31002414,-0.52812076,-0.51849914,1.6893741,-0.5435598,-1.139794,-0.6523398,-0.70773613,-0.5404847,-0.5226403,3.4997783,0.68548346,1.4745489,-0.17866696,1.0214357,-0.6481662,0.49407375,2.0041354,1.9337777,0.11105456,-0.24288282,-0.93909895,-1.3086807,-1.1278886,0.929307,-0.4518851,0.68710333,-0.17556085,-0.25314087,0.3682064,-0.65117645,-0.43348697,-0.9627793,-1.0461504,-0.84845996,-0.5120949,-0.6415097,1.1317096,-1.0585724,-0.5938513,0.78433645,1.1025465,-0.54252607,0.16841047,-0.5701782,-0.49097165,1.3848475,0.88946366,-0.36971456,-0.5298737,-0.8490552,-1.023419,-1.0675133,-0.47316858,0.601757,-0.045616657,1.9318537,-1.2194357,1.6274896,0.4155373,0.69873047,0.9248587,-0.4362211,0.018851092,1.2938223,-0.28042167,-0.91526055
4,find_diff,0,0,0,0,0,0,0.9958792,0.955217,1.5741012,0.18602736,-0.91339517,-1.2055044,-0.9249019,-0.8209627,-0.36856288,0.8159887,-0.74592865,-1.0777366,0.032399468,-0.103940025,-0.9908461,2.2224207,-1.0806314,1.7003008,-0.9625911,1.471542,3.549709,-0.54966986,-0.8629297,-0.9590981,0.4779914,-1.0757579,0.6134065,0.3746206,-0.834813,-0.7173348,-0.3276334,-1.0497986,-0.14817831,0.21755964,-0.5514369,-0.52048796,1.2920244,-0.5251238,-0.9031268,-0.54930145,-0.6868877,-0.5842471,-0.49391448,3.671394,0.43157303,1.4212298,-0.3189086,0.28962898,-0.48844245,0.08608657,1.4990824,1.513452,0.1722873,-0.37242547,-0.77945393,-1.2646987,-1.2907075,0.68525195,-0.43791577,0.79011375,-0.3060963,-0.26953316,0.4045599,-0.7125703,-0.45172086,-0.9079295,-0.9743551,-0.64227146,-0.4863871,-0.4984541,2.109696,-0.8462516,-0.5124951,0.4157259,1.5249805,-0.24459295,-0.40509304,-0.6231544,-0.42193475,1.3954266,0.44452327,-0.21639292,-0.6282322,-0.90867877,-1.081062,-0.93907106,-0.4632348,0.2823777,-0.57051396,1.8095459,-1.2331465,1.5747739,0.62399787,1.2467601,0.7935895,-0.40688068,-0.088210195,1.2877989,0.31101185,-1.0160445
5,sampleWeightedVar,0,0,0,0,0,1,1.3344252,1.3159609,1.000839,0.07366887,-0.81281596,-1.1434919,-1.2151563,-0.85595655,-0.4765704,1.0250732,-0.78284526,-1.1626672,-0.17820987,-0.17285612,-1.0714157,1.4721336,-1.0108207,2.0423203,-0.87760216,1.3147501,3.511218,-0.55388355,-0.81384736,-0.96059966,0.9321885,-1.2138137,0.47745758,0.06975874,-0.7899863,-0.81900024,0.30520096,-0.4379072,-0.15772527,-0.11456288,-0.5735302,-0.5929236,1.0763053,-0.47910458,-1.0010934,-0.6263694,-0.74482214,-0.4487901,-0.48949558,3.2042964,1.0342703,1.389964,-0.23265226,0.77468723,-0.52652925,0.029200297,1.6583006,1.8162653,-0.15570977,-0.20579395,-0.82835484,-1.2527589,-1.177729,0.50902367,-0.47789752,0.58864623,-0.11605574,-0.31645653,0.5623642,-0.68856,-0.44903058,-0.9779034,-0.98630315,-0.7642242,-0.49432957,-0.57466567,1.8145195,-0.9537067,-0.5061592,0.84704727,1.1943108,-0.4095442,-0.06471477,-0.4003711,-0.5494181,1.2030847,0.7598791,-0.31938854,-0.6135244,-0.9067545,-1.1499513,-1.031257,-0.45231485,0.7473937,-0.4443919,1.8051149,-1.228573,1.4923905,0.41981846,1.4637338,0.8009026,-0.39541674,-0.0640086,1.0803097,0.22889046,-0.92207366
6,bubble,1,1,1,0,0,1,1.4084635,0.9705821,1.3375949,0.29602945,-0.9176396,-1.232008,-0.97408473,-0.8956089,-0.41426116,0.79447794,-0.7225893,-1.0977802,0.16930108,-0.084714584,-1.0484282,1.7877147,-0.8739464,2.259379,-0.9089246,1.7771976,3.0105917,-0.5835278,-0.8637615,-1.0010307,0.50096685,-1.045136,0.48566312,0.24152765,-0.83972627,-0.7559198,-0.25320357,-0.98356855,0.050720375,-0.008120166,-0.55154425,-0.49881068,1.5415665,-0.28431854,-0.9550416,-0.6374649,-0.70343995,-0.6130266,-0.5095613,3.197507,0.5519915,2.2054462,-0.3437316,0.10659884,-0.4757194,0.14365178,2.678754,1.8374492,0.27154428,-0.338898,-0.8207593,-1.2931592,-1.2639501,0.7205212,-0.4775224,0.8426794,-0.30976078,-0.14850971,0.5285372,-0.7225567,-0.42835084,-0.9001199,-0.9914775,-0.67191875,-0.48665705,-0.52942383,1.6318488,-0.87256664,-0.5425946,0.70532924,1.5527084,-0.25001627,-0.5284874,-0.6221061,-0.414188,1.3317311,0.5228135,-0.18722641,-0.56589687,-0.938105,-0.9206733,-0.9763804,-0.5102836,0.25040218,-0.4337392,2.0516675,-1.1826409,1.3565732,0.3597465,1.4366082,0.5420535,-0.35021913,-0.20592684,1.4756454,0.5180252,-1.0252426
7,g_Test,0,1,0,1,1,1,1.2244322,1.4261243,0.9606452,0.35506567,-0.7980653,-1.1470938,-1.1999359,-0.895186,-0.49432018,1.2270094,-0.76876986,-1.0956591,0.041622706,-0.15888125,-1.0288106,1.1787162,-1.0215229,2.2419627,-0.8530962,1.4882897,3.028106,-0.6238117,-0.5905925,-0.9855795,1.1087834,-1.1245826,0.60479504,-0.01660788,-0.8116755,-0.8515838,0.26531833,-0.3959685,-0.22437868,-0.26582748,-0.5512824,-0.5032912,1.4289851,-0.5092652,-1.0400043,-0.6372895,-0.6994014,-0.5202391,-0.51346105,2.9445484,0.7960059,1.2066698,-0.1660732,0.7200247,-0.5727508,0.4333251,1.512159,1.7984567,0.12919886,-0.2620342,-0.66415185,-1.1288052,-1.1159526,0.75947714,-0.44652876,0.62529755,-0.19700529,-0.27308667,0.50823367,-0.5901066,-0.41605127,-0.9162057,-0.9475862,-0.7414421,-0.47594237,-0.6155178,1.3114411,-0.94839936,-0.51697177,0.65170133,1.0185145,-0.48078483,0.10454952,-0.49824312,-0.4622388,1.170573,1.024401,-0.24551357,-0.56306845,-0.823253,-0.99752474,-0.98831266,-0.44560292,0.6631419,-0.12724277,1.7802112,-1.1648762,1.3954918,0.47176406,1.024893,0.7668738,-0.41866395,-0.05240536,1.1721257,-0.03471831,-0.9148188
8,variance,1,1,1,0,0,1,1.2654529,1.4944029,1.0142841,0.6240262,-0.78806776,-1.1501596,-1.2162874,-0.9206879,-0.5404665,1.4254225,-0.792908,-1.0249419,0.20238407,-0.1358315,-1.0871377,0.7772429,-0.9182556,2.6981277,-0.82684684,1.5714971,2.4849443,-0.6744964,-0.44816136,-0.9880566,1.3359816,-1.1034538,0.72403866,-0.15315188,-0.8366794,-0.8489423,0.35276932,-0.34898818,-0.2649566,-0.3561123,-0.53994834,-0.4518153,1.7788411,-0.5520343,-1.0725632,-0.6425989,-0.63990885,-0.6987416,-0.5204123,2.8499613,0.6069985,1.4753684,-0.23749375,0.62401694,-0.76099896,0.74298894,1.8131893,1.8178651,0.36181572,-0.3561411,-0.83745164,-1.1576923,-1.0670202,0.94731444,-0.5044601,0.713707,-0.18314819,-0.26216903,0.43667108,-0.5133716,-0.34653544,-0.8522781,-0.9281809,-0.7593326,-0.49335662,-0.6549711,0.65272975,-0.9761507,-0.53446853,0.6298841,0.8343627,-0.5706938,0.21323226,-0.5087325,-0.509605,1.160234,1.1473986,-0.29048,-0.50338084,-0.7976167,-0.9165777,-0.9447092,-0.47007418,0.6362711,0.022165526,1.8736705,-1.0962324,1.3030103,0.48626095,0.8310394,0.63863957,-0.4198151,-0.060294747,1.2531669,-0.014324219,-0.938356
9,evaluateHoners,1,1,0,1,1,1,1.6763016,0.6417813,0.9316669,0.36615142,-0.77175385,-1.18612,-0.93493825,-0.92080224,-0.3956229,1.1143906,-0.6182012,-0.96673197,0.08543506,-0.14912717,-0.9263404,1.4545554,-0.84827393,2.5502727,-0.82880914,1.7857785,2.3729393,-0.61083364,-0.65519845,-0.9804589,0.7131213,-0.967395,0.45427614,0.07882351,-0.7831057,-0.6752897,0.05826935,-0.7930803,-0.06480112,-0.19502659,-0.6691878,-0.48144168,1.8024086,-0.26614985,-0.84745896,-0.36122745,-0.71326345,-0.65745455,-0.54037994,2.6227357,0.9686885,1.7410179,-0.03963372,0.03500356,-0.52955675,0.18214029,1.8928005,2.2421045,0.18008101,-0.3065966,-0.8226988,-1.1667074,-1.0969301,0.77360094,-0.35191858,0.637679,-0.30958873,-0.21788542,0.678432,-0.5359777,-0.35301232,-0.8896992,-0.9167839,-0.6510936,-0.47866827,-0.53788126,1.2252219,-0.8478334,-0.53252333,0.9147333,1.2047336,0.022286735,-0.1570616,-0.34118965,-0.6411351,0.84848386,0.8916904,-0.25861543,-0.519927,-0.8503461,-0.94996583,-0.87987685,-0.46730292,0.5080122,-0.5250091,2.2059324,-1.1171695,1.139537,0.5548111,1.7601036,0.042284258,-0.33386493,-0.2365985,1.6248543,0.56548804,-0.86746716
10,durbinWatson,0,1,0,0,0,0,1.1144289,0.749498,1.0010178,0.24402085,-0.7480495,-1.060315,-0.9858854,-0.8701678,-0.47668245,0.8334044,-0.6896626,-0.9836466,0.03774119,-0.15961272,-0.9709773,1.1732571,-0.9433603,1.9468936,-0.7135517,1.3967187,2.4449842,-0.5728875,-0.259905,-0.96127295,0.5599313,-0.9606525,0.41139743,-0.064142585,-0.7938365,-0.69166327,-0.09308826,-0.94829595,-0.14102024,-0.2115109,-0.5610074,-0.49240974,1.3431579,-0.5334537,-0.88769966,-0.52324384,-0.65370333,-0.55634964,-0.5082224,2.4784913,0.79041636,1.3194957,-0.18040332,0.11826068,-0.48018157,0.07331528,1.5002855,1.9127022,0.15502286,-0.27042097,-0.69708097,-1.1365663,-1.0217113,0.5749025,-0.40461656,0.60385597,-0.12143548,-0.26006097,0.62899995,-0.5514751,-0.43116558,-0.7878142,-0.8577329,-0.71753854,-0.4972891,-0.585811,1.1872463,-0.8140313,-0.48616564,0.7821721,0.80530643,-0.38386372,0.36704907,-0.5163663,-0.4845082,0.98481256,1.0837885,-0.3024094,-0.5429436,-0.7464592,-0.9044293,-0.8453069,-0.4448238,0.33530107,-0.40739742,1.7772137,-1.023892,1.2262378,0.44960102,1.0188494,0.36395517,-0.406334,-0.1148922,1.021979,0.19564323,-0.87517935
11,check_equal,0,0,0,0,0,0,0.6863778,1.0537075,1.1815177,0.11879,-0.82872695,-1.1848528,-0.78652114,-0.903737,-0.3143797,0.8139013,-0.5389005,-1.0695137,0.2034693,-0.1285487,-0.8749206,1.9078494,-1.0847714,1.5750713,-0.9162611,1.6483015,3.234996,-0.6452345,-0.7959023,-1.016251,0.5188745,-0.91595477,0.6032949,0.5862326,-0.84738576,-0.7712006,-0.36148226,-0.9821944,-0.14147487,-0.12318587,-0.56433326,-0.5141005,1.2659578,-0.30024254,-0.8801419,-0.5944929,-0.67556465,-0.5018143,-0.5116611,2.7401624,0.6344498,1.0617819,-0.22794545,0.33782628,-0.09520467,0.19361809,1.428406,1.5995008,0.19988404,-0.4681246,-0.03167268,-0.83470935,-1.1828411,0.7044948,-0.3515792,0.58618087,-0.31230453,-0.14964935,0.40752512,-0.70957243,-0.4548183,-0.9073773,-0.9454623,-0.65364856,-0.44267467,-0.5046695,1.8628211,-0.8287351,-0.47940862,0.4739181,1.3961267,-0.028011467,-0.33906087,-0.68452334,-0.38909715,1.414871,0.66116995,-0.036939025,-0.5788209,-0.8211362,-0.905655,-0.90897554,-0.43040335,0.18360944,-0.17102677,1.3664377,-1.1611104,1.2156289,0.6485044,1.006149,0.80286306,-0.38663536,-0.12178386,1.1260774,0.04644761,-0.879344
12,sumOfLogarithms,1,1,1,1,1,1,1.2144347,1.0627965,1.0615497,0.32661104,-0.78733546,-1.0939184,-0.98091245,-0.8664921,-0.43714216,0.9846464,-0.68848836,-0.95138586,0.21764825,-0.08936138,-0.9192077,1.0769792,-0.9615004,2.1786046,-0.8207051,1.5766613,2.3586962,-0.6071138,-0.5875643,-0.9709734,0.7227777,-0.9282886,0.5725207,-0.034122434,-0.813543,-0.7593927,-0.14861724,-0.913594,-0.15986978,-0.24180251,-0.48149884,-0.41708693,1.6686248,-0.5663553,-0.8865044,-0.4824951,-0.6369735,-0.5171594,-0.50950164,2.5894194,0.58399016,1.3688898,-0.20014295,0.29213855,-0.46408132,0.28884193,1.6711808,1.6975044,0.38611832,-0.19961211,-0.72103375,-1.1425889,-1.0599787,0.7253083,-0.43081605,0.7156521,-0.3338567,-0.19652548,0.42018777,-0.5512376,-0.33066428,-0.8228651,-0.88882786,-0.6104865,-0.4580709,-0.5266942,1.091414,-0.78521585,-0.49486223,0.6860249,1.0331273,-0.39894876,-0.04895869,-0.5627842,-0.4057872,1.0589037,0.9319576,-0.17944074,-0.5187169,-0.75529945,-0.81250745,-0.85768276,-0.4250899,0.38451695,-0.327941,1.9452615,-1.0678351,1.26006,0.6117689,0.7694656,0.46688935,-0.3603606,-0.003095067,1.2920979,-0.07142599,-0.93044263
13,weighted_average,1,1,0,0,0,1,1.116405,1.3079731,1.115416,0.18392879,-0.8230676,-1.1345744,-1.1074808,-0.8391215,-0.48099053,0.98096293,-0.74486107,-1.1149784,-0.02312782,-0.13248679,-1.068661,1.4349972,-1.0097247,2.1704106,-0.894398,1.3979911,3.248507,-0.59007335,-0.82452,-0.971719,0.8497043,-1.1826466,0.61299276,0.13837418,-0.82386565,-0.7805156,0.121733084,-0.5251006,-0.17248495,-0.11958803,-0.5350926,-0.53483987,1.3737478,-0.49891487,-0.96213776,-0.5596918,-0.69267666,-0.43188167,-0.4826103,3.3459854,0.5645849,1.4360027,-0.23583348,0.75126165,-0.46866766,0.08549147,1.7306864,1.7050275,0.047984548,-0.15164612,-0.83604693,-1.2479986,-1.1736913,0.64490855,-0.49172503,0.6819976,-0.23977345,-0.30063656,0.45705405,-0.6903109,-0.41137776,-0.9165206,-0.9610257,-0.7125992,-0.5035212,-0.5023967,1.7061586,-0.9158781,-0.5438759,0.48591447,1.1359391,-0.34923747,-0.19284217,-0.5033715,-0.5174192,1.2866905,0.5622477,-0.29320076,-0.58254135,-0.88873416,-1.0644034,-0.9643515,-0.43939513,0.31485793,-0.43373543,1.5472083,-1.2341111,1.5331994,0.586835,1.1965873,0.8057807,-0.39244968,-0.06571518,1.1220932,0.02177212,-0.9275537
14,elemtWise_equal,0,0,0,0,0,0,0.7028822,0.8316905,1.3694649,0.09981707,-0.8599897,-1.1366813,-0.8693792,-0.8051556,-0.3240462,0.64695275,-0.7042602,-1.0490932,0.07324378,-0.12242357,-0.8749236,2.0993881,-1.045446,1.5711234,-0.92788607,1.2464594,3.378893,-0.56073564,-0.7880275,-0.91961193,0.4340305,-0.9790137,0.4439238,0.42329454,-0.8330773,-0.71450245,-0.37788743,-1.0131814,-0.20225672,0.07242184,-0.5763573,-0.5056768,1.1865513,-0.39018247,-0.8619472,-0.57287806,-0.6625666,-0.47127587,-0.5068447,3.0308266,0.25127667,1.0847139,-0.21186739,0.11984366,-0.3659299,0.10971237,1.1747769,1.2690845,0.10421773,-0.36482325,-0.37861693,-1.0430883,-1.1748239,0.5267042,-0.3740594,0.60416144,-0.27107462,-0.23153128,0.35953644,-0.6583343,-0.45125428,-0.8696898,-0.89310175,-0.64016473,-0.45650357,-0.49562797,1.9050264,-0.800718,-0.49150118,0.22253925,1.3962134,-0.2880371,-0.3967181,-0.6546712,-0.47441682,1.2093765,0.4472618,-0.13160852,-0.60746163,-0.8471447,-1.0021503,-0.88928914,-0.45275342,0.13262643,-0.31519413,1.3421698,-1.1700026,1.3429719,0.5231082,1.0487081,0.7761266,-0.4008183,-0.12177795,1.0342921,0.15984102,-0.9356043
15,cal_Diff,0,0,0,0,0,0,1.0146513,0.6818904,1.6041791,0.20825148,-0.9162742,-1.17539,-0.86851096,-0.8336932,-0.39748934,0.84801805,-0.7174872,-1.099934,0.016655484,-0.1124855,-1.0171481,2.26994,-1.039879,1.8873729,-0.97904176,1.389792,3.6558337,-0.55990726,-0.8716363,-0.92309153,0.40848482,-1.0382986,0.47254992,0.40697947,-0.86961263,-0.6849542,-0.1941671,-1.0656003,-0.18362449,0.21803996,-0.5333339,-0.51281613,1.3134241,-0.50385386,-0.8746506,-0.550867,-0.6917611,-0.5858657,-0.495303,3.6764262,0.12172231,1.6150793,-0.29736778,0.14959727,-0.47958913,0.068780705,1.5445548,1.333729,0.13431045,-0.39025506,-0.78862584,-1.2789953,-1.2607889,0.46175948,-0.4424809,0.64301336,-0.29094443,-0.302965,0.536926,-0.7486466,-0.45759407,-0.8955445,-0.91046613,-0.6376425,-0.5037591,-0.5038045,2.1923618,-0.80745,-0.505767,0.3060825,1.4800414,-0.20612009,-0.33192354,-0.594626,-0.4247058,1.5147926,0.5358484,-0.23275913,-0.6319126,-0.90330976,-1.1240575,-0.91992116,-0.4601154,0.13585198,-0.61043966,1.739821,-1.2291491,1.550305,0.62808037,1.474179,0.7591148,-0.38585034,-0.14806044,1.1919507,0.43515942,-1.0054002
16,max,1,1,1,1,1,1,1.2249101,0.88719153,1.1853508,0.44176507,-0.8132626,-1.1584812,-0.85371655,-0.8411057,-0.34122464,1.0244803,-0.6436357,-0.9764147,0.23401901,-0.2354584,-0.8637829,1.6076661,-1.0070868,2.0290294,-0.8487623,1.8129817,2.6539452,-0.6088843,-0.6714618,-0.93473685,0.7454419,-0.90761256,0.51107615,0.057322245,-0.8003152,-0.746925,-0.24725457,-0.80703634,-0.120474055,-0.05728692,-0.5982052,-0.4068487,1.5294453,-0.24162279,-0.91255736,-0.46129805,-0.71734685,-0.57157785,-0.545867,2.848146,0.85272175,1.1630658,-0.05866071,0.09613883,-0.31248516,0.24664357,1.2969846,1.913538,0.42365447,-0.24764453,-0.79332244,-1.1944095,-1.1305482,0.9190728,-0.3166789,0.8028011,-0.32956252,-0.2532573,0.41392526,-0.48549765,-0.33457974,-0.9051087,-0.92892045,-0.54102176,-0.4310256,-0.52163684,1.3140624,-0.8161108,-0.53614485,0.7689424,1.3592834,-0.07553678,-0.19980764,-0.55283046,-0.49027285,0.9496777,0.7781875,-0.19529906,-0.56578195,-0.7725461,-0.85078907,-0.8691528,-0.42484796,0.33353177,-0.2960238,1.7262663,-1.1150717,1.2387724,0.505156,0.91497195,0.34810472,-0.3527759,-0.19145198,1.4841316,0.010788751,-0.84897804
17,mean_Diff,0,0,0,0,0,0,1.1399486,1.5490991,1.1473676,0.2219201,-0.86848265,-1.2047795,-1.1414723,-0.8547711,-0.4518948,1.1525986,-0.799177,-1.1485667,-0.031386927,-0.118269555,-1.0968812,1.5778198,-1.0446626,2.3865,-0.9015042,1.4469671,3.2770429,-0.63373137,-0.83827883,-0.96364135,1.1082336,-1.21596,0.7724551,0.20807575,-0.85924095,-0.85339594,0.136855,-0.40379003,-0.15575367,-0.09172477,-0.5286248,-0.5066843,1.5415742,-0.5124573,-1.0084594,-0.54747766,-0.6857804,-0.5136563,-0.49522713,3.8372383,0.47028878,1.4365324,-0.23291333,0.9336743,-0.52190816,0.10710028,1.7127007,1.6483692,0.027611544,-0.26610038,-0.89677936,-1.295696,-1.1893438,0.7456183,-0.45841837,0.61592656,-0.21714869,-0.27337444,0.33550346,-0.7147104,-0.44444886,-0.97029537,-0.988183,-0.72984344,-0.51132923,-0.5157676,1.6160395,-0.95230234,-0.5763488,0.6109109,1.3243898,-0.32869107,-0.1969082,-0.57113326,-0.4850762,1.4829861,0.5084316,-0.2975016,-0.5681253,-0.88201576,-1.0766766,-0.99964744,-0.44779858,0.27261803,-0.42762125,1.6271394,-1.2650934,1.6417391,0.5337773,0.9486013,0.97710335,-0.40823066,-0.04529322,1.2526091,-0.19995402,-0.9179738
18,manhattanDist,0,1,0,1,1,1,1.1542656,0.99652284,1.3158137,0.2665279,-0.85583377,-1.2001826,-0.9394882,-0.8451023,-0.37425804,0.92502004,-0.70983756,-1.03731,0.15459573,-0.022138134,-0.967731,1.7687371,-1.0077085,2.0730052,-0.89672047,1.5663232,2.945997,-0.56569904,-0.73677313,-0.97771245,0.63450027,-0.9831162,0.56606877,0.22457534,-0.84771705,-0.73278314,-0.22399464,-0.95829105,-0.12811095,0.010805175,-0.5480775,-0.44904155,1.615348,-0.55750424,-0.92316175,-0.37444836,-0.6530012,-0.50743866,-0.49995455,3.2672515,0.73324,1.412929,-0.16063553,0.2693308,-0.4325464,0.22070946,1.5457963,1.8257447,0.29585907,-0.21369985,-0.7894455,-1.2159182,-1.1964632,0.64434314,-0.4053011,0.74521995,-0.32073298,-0.23864259,0.3488607,-0.6115061,-0.391237,-0.87708694,-0.9363414,-0.65973836,-0.48373833,-0.5054201,1.6653678,-0.8274402,-0.5245814,0.704706,1.3399686,-0.28076375,-0.15460595,-0.5944154,-0.42466518,1.2754396,0.8463895,-0.24083821,-0.6088474,-0.83193105,-0.96337706,-0.8738746,-0.42951944,0.382799,-0.42016667,1.8459483,-1.1649435,1.4927596,0.635087,1.0313308,0.62438005,-0.3920321,-0.048052527,1.4337671,-0.023608737,-0.9222152
19,mean_abs_error,0,1,0,0,0,1,0.8193343,1.437802,0.9538516,0.4594526,-0.8606468,-1.2920827,-1.2177434,-0.8631847,-0.52711207,1.4710392,-0.8924148,-1.1316725,-0.019345636,-0.13497911,-1.097805,1.2223564,-1.084848,2.6923842,-0.8711642,1.5742419,3.1285982,-0.64224595,-0.48992988,-1.0033145,1.3075627,-1.1449084,0.84796464,0.041713268,-0.86701536,-0.8986785,0.077099845,-0.38809496,-0.29097977,-0.15036294,-0.64058685,-0.4458846,2.0129619,-0.5971876,-1.1174139,-0.67387754,-0.6820678,-0.5733382,-0.51402473,3.456809,0.3573785,1.2394022,-0.19838203,0.81592244,-0.61399645,0.92780066,1.6272213,1.5979718,0.006039932,-0.32531098,-0.92683685,-1.2943168,-1.1794671,0.8493273,-0.49941128,0.5093526,-0.14857343,-0.30354717,0.17111531,-0.70782983,-0.47035974,-0.8937699,-1.0386086,-0.9648815,-0.5027333,-0.62950444,1.3411446,-1.0902822,-0.61880976,0.26327723,0.9580788,-0.41674525,0.13465336,-0.5959926,-0.58587146,1.2415482,0.9893907,-0.3765172,-0.556184,-0.7857565,-1.0455103,-0.9695551,-0.47421992,0.50756234,0.26626182,1.393289,-1.1836653,1.5078933,0.6558467,0.71196026,0.7489542,-0.49504352,0.002041893,1.0058489,-0.25640532,-0.90329796
20,scale,1,1,0,0,0,1,1.3050398,0.77901536,1.224802,0.2251,-0.8319415,-1.1081979,-0.9969559,-0.9027335,-0.4573416,1.0026525,-0.7057037,-1.0020752,-0.028384252,-0.12718359,-0.9697727,1.6044513,-0.9830412,2.0508182,-0.9016146,1.3600789,3.217633,-0.57758516,-0.7420757,-0.93275446,0.46633673,-1.0300299,0.43107933,0.18558638,-0.81895375,-0.6934093,0.05593168,-1.0091773,-0.21347986,-0.06787793,-0.48831987,-0.5207931,1.3425978,-0.5225181,-0.8156462,-0.5612602,-0.6767999,-0.66541743,-0.5037747,2.8672838,0.36644062,1.6059741,-0.32807955,0.11545187,-0.5911487,0.059259888,1.7123079,1.4916425,0.04969471,-0.42995343,-0.7348498,-1.1872457,-1.1762093,0.44777435,-0.47490582,0.5087614,-0.29767972,-0.25590283,0.7207203,-0.70354825,-0.41508052,-0.8963692,-0.8694795,-0.64188147,-0.48628303,-0.56023663,1.6258109,-0.7796697,-0.44496277,0.56460357,1.2858893,-0.24560632,-0.23667957,-0.42976052,-0.42499688,1.1819831,0.6321255,-0.23283905,-0.5556735,-0.8790647,-0.9982052,-0.9163586,-0.47489765,0.4794669,-0.53655815,2.0475824,-1.1535844,1.275518,0.6458439,1.5820788,0.4534148,-0.3656921,-0.10676098,1.1175343,0.574434,-0.99851274
21,find_median,1,1,1,0,0,1,0.90019155,2.078098,1.1175401,0.29227555,-0.83421844,-1.1897364,-1.239214,-0.84299076,-0.4677189,1.0187243,-0.8067372,-1.2013721,0.14459199,-0.15838765,-1.1642174,1.4058104,-0.9618078,2.428272,-0.8570942,1.6585464,3.078229,-0.6426214,-0.81760246,-0.96367645,1.2403412,-1.2765477,0.8638713,0.03242463,-0.8226322,-0.8836511,0.2323162,0.036591038,-0.16451061,-0.12700245,-0.53838885,-0.4718944,1.5116724,-0.34079146,-1.1223098,-0.621836,-0.68501323,-0.60284317,-0.5036681,4.002583,0.62726915,1.4583943,-0.291397,1.0771013,-0.5652558,0.20040813,1.938226,1.9481543,0.12119313,-0.34460214,-0.92209315,-1.2673559,-1.1942909,0.8691004,-0.52618146,0.7289539,-0.12721714,-0.2309896,0.18964665,-0.63683856,-0.44083288,-0.938752,-1.00817,-0.7548336,-0.5139167,-0.53322804,1.2104452,-1.017564,-0.6083854,0.61030686,1.2964528,-0.575569,-0.22285484,-0.6096671,-0.47882384,1.4540162,0.5958177,-0.28937584,-0.54080826,-0.91612244,-1.0678065,-1.0495703,-0.4716996,0.30454254,-0.29172906,1.4381963,-1.2508711,1.6029819,0.2158423,0.68589646,1.1424844,-0.40863013,-0.09513934,1.2672583,-0.27703878,-0.9083914
22,reverse,1,1,0,0,0,1,1.2620738,0.8850539,1.389026,0.32870376,-0.8571132,-1.1558932,-1.0128152,-0.8430186,-0.41790637,0.8386208,-0.68038774,-1.0395323,0.18996789,-0.12949012,-0.98402977,1.5532671,-1.0292389,2.450152,-0.87250835,1.4584894,2.9168253,-0.5998433,-0.70798045,-0.94645524,0.66844714,-1.0385684,0.64203435,0.0061415844,-0.77104634,-0.7555275,-0.21087319,-0.87687474,-0.10495843,-0.05435865,-0.6640705,-0.47026104,1.5416708,-0.3083771,-0.9485715,-0.5345934,-0.72555804,-0.62767905,-0.52340186,3.2097294,0.40305617,1.5031971,-0.1683978,0.11451294,-0.5831339,0.17735618,2.0486639,1.696657,0.3151361,-0.27903906,-0.83199424,-1.26732,-1.1643826,0.9510729,-0.40542153,0.7868433,-0.32264936,-0.20860252,0.44518688,-0.599529,-0.34554368,-0.87174714,-0.9676331,-0.6692002,-0.47128728,-0.5337365,1.2768108,-0.88277644,-0.53693026,0.5035945,1.1273835,-0.15900694,-0.21112926,-0.47820982,-0.66594625,1.0863651,0.6866135,-0.24354394,-0.54555446,-0.8561876,-1.0209359,-0.97776955,-0.46851313,0.3504038,-0.46473354,2.1774654,-1.1773448,1.3001251,0.4716892,1.2268064,0.3560822,-0.369758,-0.20065324,1.3522897,0.22716492,-0.99913543
23,clip,0,0,0,0,0,0,0.9577677,1.3270599,1.3529695,0.17409948,-0.9029524,-1.2157342,-1.0104047,-0.8440385,-0.36277434,0.9147716,-0.76409435,-1.1062001,0.09502108,-0.110161036,-0.97634596,1.9717956,-1.0754318,1.7159308,-0.93857193,1.751965,3.4989274,-0.54601485,-0.80259264,-0.96373045,0.48220846,-1.0101413,0.5199086,0.29212853,-0.8580009,-0.77169114,-0.39521518,-1.0066546,-0.12325537,0.11961062,-0.45820913,-0.46930644,1.4349643,-0.3811562,-0.9088499,-0.5725003,-0.68413687,-0.5850762,-0.51724595,3.1654902,0.6439722,1.3203044,-0.2080883,0.21713018,-0.3455477,0.17623769,1.3950814,1.8935112,0.20605814,-0.36900556,-0.7911366,-1.2713778,-1.2638531,0.53812695,-0.45103925,0.72785294,-0.3065611,-0.2678904,0.41292873,-0.6519409,-0.46092963,-0.9777268,-0.98823565,-0.6448204,-0.4594174,-0.5834057,1.9192127,-0.8014466,-0.49623376,0.70173985,1.6782682,-0.31012595,-0.31528068,-0.66148657,-0.24929614,1.2350572,0.47491696,-0.21212807,-0.6229142,-0.8805059,-0.9200624,-0.9285486,-0.4563091,0.46381438,-0.092203215,1.5844007,-1.2041014,1.5254633,0.5199663,0.99243563,0.7717779,-0.3926975,-0.0023243958,1.2798488,0.20663577,-0.92418104
24,elemtWise_max,1,1,0,0,0,1,0.64865863,0.9043749,1.4981626,0.08946437,-0.8962037,-1.1384807,-0.8743576,-0.7760346,-0.3457233,0.60243016,-0.7243575,-1.0713376,0.047899246,-0.114255965,-0.9376801,2.224865,-1.0484134,1.5440397,-0.93951523,1.3100789,3.5778847,-0.5194542,-0.8445201,-0.8889875,0.31831598,-0.9973341,0.4255662,0.3498374,-0.83711416,-0.68088645,-0.43685427,-1.0245787,-0.20033929,0.24659519,-0.5264355,-0.48221573,1.1667176,-0.43680802,-0.8658264,-0.54283047,-0.664471,-0.5344932,-0.49972832,3.3474798,0.19403453,1.1634113,-0.26563257,0.13588172,-0.38343924,0.09177932,1.1709028,1.3779663,0.10598752,-0.3477348,-0.7454964,-1.2427984,-1.241675,0.3831937,-0.43570316,0.6395774,-0.2848408,-0.30223987,0.33838183,-0.700756,-0.46194804,-0.88039505,-0.90555465,-0.641918,-0.47486573,-0.49761006,2.0264084,-0.7725887,-0.5102279,0.24426271,1.4925488,-0.31209463,-0.39744687,-0.6797194,-0.37837318,1.2398692,0.36261013,-0.21842292,-0.6362353,-0.86936736,-0.9864873,-0.8721511,-0.45709804,0.15970993,-0.34285596,1.2295418,-1.1958097,1.5252489,0.55396515,0.9919103,0.7850251,-0.40892124,-0.114677764,1.030368,0.18828025,-0.94647753
25,var_Difference,1,1,0,0,0,1,1.4763081,1.7903581,0.94077605,0.26352933,-0.7955034,-1.1188539,-1.2896944,-0.8844663,-0.46402282,1.2708104,-0.77338326,-1.1121912,0.025082234,-0.118883505,-1.0762241,1.0408138,-0.9948037,2.5136862,-0.83684444,1.6283933,2.886639,-0.6421524,-0.72266525,-0.9926547,1.3327746,-1.2188946,0.6952145,-0.053133134,-0.80088204,-0.883551,0.369209,-0.24704622,-0.12775022,-0.31789023,-0.5114035,-0.5095531,1.4472672,-0.5006943,-1.0376633,-0.5754023,-0.68760794,-0.48557174,-0.50020605,3.240806,0.8528563,1.4154873,-0.14779349,0.9788195,-0.57692677,0.19779716,1.7593207,2.0060427,0.13622957,-0.20555662,-0.8564697,-1.2276927,-1.0895724,0.8426511,-0.41428742,0.70430267,-0.21422088,-0.24311502,0.5535782,-0.6206096,-0.38010472,-0.96933377,-0.97243124,-0.69310135,-0.4978882,-0.5637517,1.2050524,-0.9446842,-0.5185371,0.89796257,1.1126387,-0.5128972,0.004587562,-0.4746454,-0.49815086,1.304818,0.7839656,-0.25566572,-0.52985734,-0.8788308,-1.0286144,-1.0280896,-0.43786496,0.6229288,-0.36249822,2.0370073,-1.214926,1.5677521,0.45429727,0.94814277,0.8543062,-0.3750061,-0.033074636,1.3803886,-0.10476131,-0.88465744
26,count_k,0,0,1,1,1,0,1.0374023,1.4359717,1.1753173,0.28120732,-0.860547,-1.190159,-1.0983559,-0.8844034,-0.4053489,0.9820024,-0.75237614,-1.0427064,0.28259063,0.019969255,-1.042917,1.049063,-1.0570018,2.6426444,-0.8572801,1.8700093,2.6726518,-0.66597825,-0.72862697,-1.0369674,0.7329052,-1.0111264,0.7885087,0.05283565,-0.8397388,-0.85139656,-0.28468946,-0.9696475,-0.09250839,-0.2516229,-0.520341,-0.46400592,1.7635939,-0.36303884,-0.9739871,-0.5752888,-0.64269006,-0.6582435,-0.5048511,3.092514,0.4170728,1.783672,-0.320492,0.34886113,-0.41275206,0.27696577,2.6732569,1.8477035,0.31060383,-0.41272986,-0.8086339,-1.2479798,-1.1312475,0.8584042,-0.5025286,0.7040699,-0.31720942,-0.126435,0.33163476,-0.720286,-0.3933283,-0.8915495,-0.9909815,-0.7175763,-0.47326252,-0.5361776,1.0094436,-0.8841425,-0.5270319,0.73547846,1.1081312,-0.37878823,-0.27292836,-0.6117453,-0.40334764,1.5097939,0.68303263,-0.17607969,-0.47766674,-0.83878857,-0.8258243,-0.98167974,-0.46452656,0.2504772,-0.1383015,2.1690068,-1.1569412,1.2698306,0.58907145,0.7383308,0.52295065,-0.3629635,-0.0876806,1.3204143,0.07887297,-0.9669975
27,weightedRMS,0,0,0,0,0,0,1.2343782,1.1250653,1.2627978,0.1533428,-0.8489152,-1.1715897,-1.1215572,-0.8613949,-0.46257108,0.93620396,-0.77732426,-1.1353475,-0.11511737,-0.1628734,-1.0886464,1.7371706,-1.0429729,1.8829973,-0.9173107,1.298621,3.6328812,-0.5432532,-0.8461869,-0.9478521,0.66322935,-1.1916933,0.45104817,0.14955303,-0.81568676,-0.77121323,0.173715,-0.6420831,-0.18944831,0.019325577,-0.5705579,-0.61126506,1.0215209,-0.5024617,-0.98575455,-0.61439735,-0.73514754,-0.56295437,-0.4942526,3.360581,1.0375663,1.4277514,-0.32550663,0.50243056,-0.5841111,-0.021259602,1.6611032,1.8114821,-0.0341534,-0.2875047,-0.8203667,-1.2509868,-1.242079,0.5096535,-0.51229364,0.67602545,-0.11889292,-0.31746662,0.5560259,-0.6369574,-0.4516784,-0.9670851,-0.9749674,-0.7233448,-0.49876714,-0.5868274,1.8541129,-0.929782,-0.5015668,0.8428018,1.3643607,-0.3469247,-0.12476929,-0.41947272,-0.5057216,1.2486995,0.7183374,-0.3393775,-0.6311912,-0.91765547,-1.1340339,-1.0047513,-0.47031015,0.7370138,-0.5297609,1.8473238,-1.2249336,1.4838512,0.44096762,1.5041414,0.7974814,-0.41697997,-0.09461718,1.1156969,0.3154064,-0.9822623
28,autoCorrelation,0,0,0,0,0,0,1.2639952,1.6800365,0.5044566,0.08943441,-0.7512671,-1.1536903,-1.3179332,-0.91286933,-0.5340383,1.3121234,-0.8405122,-1.150187,-0.2384174,-0.16287154,-1.1121097,0.8888647,-1.0016271,2.4703882,-0.70133704,1.6961052,2.6704395,-0.6709346,-0.3328035,-1.0189846,1.3228734,-1.219856,0.7348624,0.04403267,-0.79122883,-0.8805937,0.46794063,-0.14960143,-0.14737524,-0.3745369,-0.5943027,-0.5720309,1.4148029,-0.49512962,-1.0255861,-0.62425804,-0.7116037,-0.6608681,-0.5177975,3.1223161,1.3598864,1.341534,-0.19039512,1.0511737,-0.64652795,0.17671998,1.6895013,2.4290495,-0.2647613,-0.42475772,-0.8757791,-1.2198051,-1.05724,0.667876,-0.4645859,0.32495975,0.054643616,-0.33248556,0.6298803,-0.66107816,-0.53051424,-0.96948844,-0.9635801,-0.88751996,-0.53261465,-0.67899483,1.0845176,-1.0412389,-0.55370295,1.3785121,1.0690475,-0.34082073,0.5903933,-0.42385957,-0.5258362,1.1790618,1.1253464,-0.3388892,-0.48510113,-0.81304336,-1.0047545,-1.018884,-0.46902514,0.8778036,-0.35610595,1.7922273,-1.1240172,1.5150161,0.5734115,1.0597725,0.70838964,-0.44388303,-0.06654414,1.0581688,0.038134012,-0.81322724
29,product,1,1,1,1,1,1,1.3705088,0.47020662,0.9729043,0.5497356,-0.75814444,-1.1648353,-0.89263225,-0.83732736,-0.47213867,1.1694361,-0.5977146,-0.9379732,0.22973412,-0.28980863,-0.91060454,1.1252855,-0.96417767,2.569604,-0.79165,1.6336724,2.0112975,-0.6751544,-0.46184695,-0.9792149,1.0546476,-0.9309193,0.7602316,-0.091120556,-0.7699428,-0.78164893,-0.07101565,-0.6414015,-0.06073845,-0.28955948,-0.7348506,-0.43280217,1.8314861,-0.14250608,-0.9605761,-0.48301262,-0.75780386,-0.57582486,-0.5846614,2.7667985,1.0400434,1.3342837,-0.06342823,0.21691605,-0.43332365,0.35243157,1.6872652,1.8178722,0.44235393,-0.23493452,-0.8770675,-1.177331,-1.0474538,1.392352,-0.3929544,0.84549546,-0.2891113,-0.2592477,0.33871493,-0.4370238,-0.24500014,-0.85440874,-0.9851564,-0.65714204,-0.47235662,-0.55709666,0.8353046,-0.9454613,-0.5833635,0.55592215,0.8755373,0.12978858,-0.022547804,-0.4112297,-0.69062924,0.6466185,0.98768675,-0.28574833,-0.5056679,-0.7445595,-0.9300071,-0.89031553,-0.45559612,0.31385595,-0.43053848,2.0161698,-1.0632651,0.9508241,0.584725,1.0339592,0.054470357,-0.3681156,-0.23726714,1.4706683,-0.022710491,-0.76047695
30,cal_AbsoluteDiff,1,1,0,0,0,1,0.9675266,1.0836276,1.2608819,0.2188204,-0.8262896,-1.1013619,-0.9259583,-0.81652445,-0.3618005,0.9386001,-0.67521185,-1.0205419,0.12453925,-0.095358625,-0.93363464,1.5880172,-0.998868,2.0443096,-0.856506,1.6217192,2.9974618,-0.5753661,-0.6761744,-0.91200286,0.45325834,-0.9204322,0.4368539,0.08921852,-0.7955837,-0.6937977,-0.1598375,-0.9919169,-0.17069782,-0.03540093,-0.5051913,-0.4484697,1.457133,-0.37633583,-0.80412996,-0.53400916,-0.6555036,-0.5849426,-0.50746167,2.8980079,0.3392687,1.3692402,-0.2719118,0.09638394,-0.32079768,0.2922171,1.5205388,1.6903992,0.23776856,-0.42246473,-0.7482241,-1.1761234,-1.13215,0.46627262,-0.46308678,0.5807816,-0.23756418,-0.22274202,0.5136596,-0.6770067,-0.3726256,-0.86794907,-0.87299865,-0.639487,-0.48051026,-0.5171697,1.464669,-0.7327805,-0.47396192,0.4793081,1.2129011,-0.33895606,-0.07897413,-0.54143655,-0.41609946,1.2136617,0.7993229,-0.15028434,-0.5529685,-0.83960634,-0.9278642,-0.88783485,-0.44055507,0.4079571,-0.25191352,1.929563,-1.1245856,1.357778,0.6024855,1.0080469,0.51513934,-0.3520165,-0.1112073,1.1848971,0.20280576,-0.8981394
31,pooledVariance,1,1,1,0,0,1,1.7734723,1.86339,0.8550383,0.15787826,-0.7962518,-1.126281,-1.3891768,-0.9223317,-0.55732405,1.401875,-0.7976074,-1.177561,-0.11003385,-0.13918698,-1.1270577,1.0711192,-0.92387885,2.530626,-0.85575867,1.523038,3.2608058,-0.63981724,-0.8083934,-1.0080544,1.5015904,-1.33826,0.7582062,-0.00063438783,-0.79119164,-0.90001744,0.7186841,-0.05809739,-0.14668053,-0.35583222,-0.5063153,-0.5699259,1.1532496,-0.4461716,-1.0471944,-0.6472691,-0.71293765,-0.5077829,-0.47964737,3.3091974,1.0376912,1.6192775,-0.24158889,1.1839446,-0.65571785,0.06694419,2.0197513,2.0473394,-0.06237311,-0.22342609,-0.8697528,-1.2490366,-1.14395,0.8107233,-0.5180698,0.6362586,-0.17751928,-0.32309094,0.77647674,-0.7021948,-0.40255433,-1.0187697,-0.9787575,-0.71380746,-0.50094676,-0.5857108,1.4088029,-0.9936936,-0.4878723,1.0723493,1.1604918,-0.4981946,-0.05246415,-0.36123192,-0.5207187,1.3745303,0.6997623,-0.26397285,-0.5485417,-0.9596452,-1.1392395,-1.0958848,-0.44359154,0.84466183,-0.44868764,2.0994627,-1.2693099,1.5490571,0.45226246,1.5220685,0.90883803,-0.36277828,-0.03854928,1.3858736,0.22441958,-0.9277551
32,checkPositive,0,1,1,1,0,1,1.0136739,1.1558423,1.0035977,0.21526566,-0.87760186,-1.2389295,-0.98473155,-0.94494164,-0.34967148,0.8313435,-0.7168721,-1.0805136,0.1159309,-0.10315669,-0.934144,1.4525932,-1.0709934,2.166595,-0.9066569,1.4477462,3.073882,-0.6824702,-0.73803437,-0.9983541,0.57564276,-1.0065788,0.71023244,0.27303508,-0.8262538,-0.89476,-0.31018716,-0.9061343,-0.23185106,-0.27259743,-0.506226,-0.48614782,1.4679189,-0.2086039,-0.9936259,-0.6270779,-0.6854385,-0.49966788,-0.58001363,2.9748416,0.34384277,1.2463385,-0.17704079,0.22308074,-0.3175178,0.30191752,2.1440024,1.2665457,0.17018504,-0.40300286,-0.20089443,-0.9544658,-1.1192721,1.1260854,-0.35816306,0.7099235,-0.3334055,-0.12471838,0.19531001,-0.7382015,-0.40738618,-0.91689163,-0.97709197,-0.7288928,-0.43084046,-0.53681004,1.2979761,-0.91343856,-0.52499384,0.27651712,1.0772074,-0.09824054,-0.46183127,-0.6442581,-0.38550442,1.2704678,0.5648315,-0.049566455,-0.5191773,-0.8278886,-0.8695134,-1.0193325,-0.4655435,0.05522677,-0.1254169,2.0916255,-1.1644998,1.0037812,0.41581976,0.9571664,0.6143073,-0.39607447,-0.0993887,1.1474034,-0.1446968,-0.9250756
33,evalNewton,0,0,0,1,0,0,1.4352015,0.8154132,1.1065836,0.3039532,-0.7981305,-1.1668677,-0.8814048,-0.8495995,-0.38774967,1.3044573,-0.65371704,-0.97478265,0.072264194,-0.23487246,-0.8924273,1.6104571,-0.88099223,2.2130237,-0.87316036,1.7988807,2.6639655,-0.6048511,-0.6972791,-0.93921787,0.7694235,-0.97205764,0.52320474,0.2844395,-0.7913945,-0.69441783,0.0069575217,-0.797687,-0.12622745,-0.043723237,-0.6418349,-0.44320866,1.6804215,-0.31583816,-0.81801414,-0.49109516,-0.6840698,-0.57881397,-0.51736873,2.8439305,0.7699832,1.5546088,-0.11095837,0.21088685,-0.4619779,0.3175584,1.5914487,1.8212794,0.22266825,-0.28061938,-0.8081911,-1.1715208,-1.1493044,0.8215331,-0.35711485,0.69556326,-0.30606914,-0.25832725,0.5285065,-0.5705612,-0.36694637,-0.8925375,-0.92272806,-0.5647626,-0.45931172,-0.47340274,1.5785749,-0.84282494,-0.51601833,0.677833,1.2676159,0.048713624,-0.118176065,-0.42736888,-0.6247719,0.8837613,0.6607808,-0.17859744,-0.54995567,-0.84049207,-0.9920515,-0.854328,-0.44115767,0.49292374,-0.5153379,1.8147783,-1.1329628,1.268779,0.73785055,1.6022078,0.28834286,-0.31803355,-0.20010406,1.4271243,0.4383337,-0.8971821
34,checkNonNegative,0,1,1,1,0,1,0.66685927,1.5177225,1.022076,0.28608215,-0.83645946,-1.1938703,-1.051488,-0.96561265,-0.37152857,0.9058772,-0.731431,-1.0342652,0.18261676,-0.078805864,-0.91922283,1.4548035,-1.0593152,2.0816243,-0.8917589,1.5664672,3.1392398,-0.65947,-0.71778345,-1.014402,0.59480417,-0.9921833,0.49844962,0.23665553,-0.84285325,-0.8219476,-0.3393434,-0.9425111,-0.25549585,-0.2665339,-0.30260345,-0.48221466,1.6253766,-0.38312787,-0.92331177,-0.62924975,-0.68508124,-0.53766507,-0.53272533,2.6705499,0.33102012,1.2096274,-0.2060124,0.14128277,-0.36762202,0.29767352,1.7940989,1.454962,0.19216275,-0.4749623,-0.11701414,-0.8815259,-1.1614186,0.6364941,-0.33938402,0.4969997,-0.34043506,-0.085155845,0.21694162,-0.6916385,-0.4481239,-0.91676855,-0.9385367,-0.6920498,-0.42642495,-0.5756175,1.3822381,-0.8111112,-0.49922916,0.3107198,1.295104,-0.3540839,-0.36665407,-0.6742989,-0.14362256,1.3736494,0.62238646,-0.04814255,-0.5033701,-0.8028317,-0.8114832,-0.95683974,-0.46167064,0.13012145,-0.13715227,1.6493931,-1.1317539,1.142025,0.44090256,0.7081971,0.8304714,-0.36940432,0.1080309,1.0187833,-0.13594113,-0.94170636
35,canberraDist,0,0,0,1,1,1,0.9897964,1.3290906,1.0300857,0.4184897,-0.82622445,-1.1897349,-1.033782,-0.78231686,-0.39442426,1.2277801,-0.729637,-1.0912014,0.015087847,-0.15762778,-1.0428482,1.35599,-0.96860415,2.2349045,-0.8390559,1.7065547,2.8199816,-0.609589,-0.54884106,-0.96095026,0.9980208,-1.0396448,0.56397223,0.106937036,-0.8333746,-0.7898151,0.021480443,-0.52456653,-0.12395806,-0.07038299,-0.6218611,-0.46196264,1.7560673,-0.4699636,-1.0270991,-0.6017445,-0.66084504,-0.51610655,-0.49337965,3.0635633,0.73940814,1.3462241,-0.16212603,0.5794258,-0.47375616,0.6697664,1.3840257,2.0194998,0.09857822,-0.31859824,-0.8477008,-1.1927326,-1.149627,0.66139877,-0.41902003,0.55302286,-0.122982085,-0.29964086,0.3693509,-0.61475015,-0.44610798,-0.86686075,-0.9789227,-0.8024273,-0.4917972,-0.56686306,1.3572707,-0.962358,-0.5676343,0.5885944,1.1263546,-0.33660403,0.1969952,-0.58246046,-0.48852786,1.1126956,1.1128845,-0.2978144,-0.5738458,-0.7925041,-1.0069737,-0.897505,-0.44587246,0.6059504,-0.013841508,1.4032235,-1.1236385,1.553409,0.5453801,0.8560701,0.68201864,-0.4338215,-0.10367028,1.1658846,-0.117207326,-0.81868654
36,elemtWise_min,1,1,0,0,0,1,0.6383509,1.0018787,1.4828783,0.07843981,-0.89878243,-1.1487305,-0.90218276,-0.7833737,-0.35565713,0.6246103,-0.73916674,-1.0803905,0.046218812,-0.11038043,-0.9484132,2.1939664,-1.0472295,1.5519508,-0.941682,1.3048769,3.634896,-0.5184096,-0.8498686,-0.8962547,0.3187118,-1.0204183,0.42276642,0.34112003,-0.84560704,-0.691658,-0.43780366,-1.0159487,-0.20879224,0.24113451,-0.490995,-0.48493603,1.2007841,-0.4466355,-0.87079895,-0.54551136,-0.66373694,-0.54101515,-0.49661055,3.3492775,0.18967068,1.1780645,-0.2708696,0.13759957,-0.40344292,0.08591757,1.2189885,1.4090935,0.097023465,-0.34728703,-0.7486535,-1.2510237,-1.2547793,0.37447333,-0.4368399,0.6269365,-0.28761798,-0.30262044,0.33319458,-0.6991293,-0.47071865,-0.8877654,-0.91072416,-0.65013045,-0.47423947,-0.5042999,2.025372,-0.7880329,-0.51238126,0.2752177,1.5228044,-0.32744858,-0.39492837,-0.67577136,-0.36162484,1.2413859,0.3545237,-0.22813112,-0.6304014,-0.8703109,-1.0212758,-0.8779948,-0.45955986,0.17081955,-0.33973646,1.1892921,-1.1996435,1.5462828,0.54252505,0.98312426,0.85735184,-0.4099094,-0.042778533,1.017554,0.15439545,-0.9552552
37,cal_DividedDiff,1,0,0,0,0,0,1.0795473,1.0134832,1.5991738,0.29280177,-0.92217946,-1.2000015,-0.9399669,-0.8271543,-0.38853437,0.7800232,-0.7394254,-1.1545788,0.068583935,-0.14355673,-1.0782528,2.2831395,-0.9710607,2.038401,-0.9505583,1.5112954,3.4934957,-0.5582323,-0.92608106,-0.93532103,0.6341875,-1.1093243,0.45560217,0.2923505,-0.86377007,-0.7182462,-0.1610325,-0.820442,-0.08218951,0.21881975,-0.5559176,-0.52530324,1.4382449,-0.43933076,-0.9728216,-0.58162445,-0.7071479,-0.5761693,-0.48843482,3.8879027,0.32915038,1.8547953,-0.29615292,0.30007437,-0.5212449,0.028880604,1.8053663,1.5892437,0.16268256,-0.367779,-0.8269833,-1.2999759,-1.2839953,0.47144997,-0.4345672,0.72929776,-0.24277318,-0.22503783,0.45440614,-0.72768474,-0.4759228,-0.90610826,-0.9562742,-0.6601533,-0.5088196,-0.5054979,2.0651598,-0.86682934,-0.561326,0.42179006,1.597129,-0.3785294,-0.37108636,-0.65771365,-0.44624653,1.5656865,0.551062,-0.24607724,-0.6329844,-0.9349641,-1.1404757,-0.96407974,-0.4786331,0.09293656,-0.63595706,1.6250976,-1.2469275,1.6788759,0.34363964,1.316939,0.95597476,-0.38931274,-0.17759643,1.3240056,0.28909048,-1.0080831
38,selection_sort,1,1,1,0,0,1,1.3051654,0.9015064,1.4322039,0.4667151,-0.89787966,-1.1760693,-1.0234728,-0.8677441,-0.44187257,0.7772264,-0.69969845,-1.0208079,0.24519446,-0.10856329,-1.0245893,1.6169916,-0.98328274,1.8332809,-0.8674822,1.6421208,2.9410036,-0.5737638,-0.60614276,-1.0177103,0.49632987,-1.0285479,0.456416,0.036678717,-0.8266858,-0.7761796,-0.30581748,-1.0567806,-0.058427148,-0.040105432,-0.47652966,-0.5239018,1.4741968,-0.48824146,-0.9439689,-0.5640906,-0.6676662,-0.6887786,-0.5585166,2.9563282,0.6426951,1.5530221,-0.3039634,0.022877093,-0.5094099,0.13126929,1.8721248,1.9113399,0.5115258,-0.3266147,-0.7352639,-1.2310444,-1.1894555,0.69380647,-0.42266592,0.8656445,-0.32982996,-0.17427295,0.69807595,-0.47471428,-0.3978286,-0.85566837,-0.9625884,-0.6473142,-0.48935142,-0.6452539,1.3367418,-0.8151115,-0.48801595,0.81396085,1.303785,-0.50403154,0.003230742,-0.64606965,-0.31002057,1.223293,0.89078766,-0.24261752,-0.55266863,-0.8258198,-0.8739469,-0.92951936,-0.5040673,0.46151975,-0.37734318,2.075781,-1.1091254,1.5474527,0.37150022,0.9637408,0.71361184,-0.43097192,-0.02355346,1.5163105,0.21104957,-1.0304259
39,manhattanDist2,0,1,0,1,1,1,0.8280196,0.9012985,1.2047015,0.5531596,-0.875263,-1.2913879,-1.0374162,-0.83742815,-0.47603172,1.2749851,-0.820475,-1.052256,0.11969652,-0.12642454,-1.0285884,1.3960617,-1.0830587,2.320574,-0.89320296,1.6198014,3.0424511,-0.58912575,-0.44658053,-1.0021824,0.8573635,-0.99007523,0.61700356,0.08943121,-0.87282354,-0.81081915,-0.26998472,-0.87568086,-0.2429456,-0.027367488,-0.65280616,-0.43199196,1.9852016,-0.63081026,-1.0500683,-0.6424868,-0.6774737,-0.5421408,-0.5126512,2.9833014,0.44138288,1.2748225,-0.1961013,0.26088828,-0.5305012,0.99128675,1.529681,1.6072518,0.24889857,-0.2687476,-0.8487363,-1.2606317,-1.2053694,0.77785194,-0.45499212,0.6865386,-0.22099745,-0.280683,0.22913568,-0.62390494,-0.40779644,-0.8307233,-1.0337546,-0.90395325,-0.47840622,-0.63015956,1.4985182,-1.0028336,-0.5862547,0.24941978,1.0441811,-0.33635178,0.13578519,-0.6300522,-0.5511921,1.0632603,1.1289203,-0.37746674,-0.59621817,-0.7490696,-0.9748765,-0.8818998,-0.4714248,0.5302678,0.30453196,1.5054215,-1.1157255,1.4295676,0.7052208,0.7946099,0.51536435,-0.49087164,-0.013300285,1.0789536,-0.09197206,-0.9345046
40,meanDeviation,1,0,1,0,0,0,1.2209532,1.1479248,0.630459,0.62522966,-0.7683302,-1.2812725,-1.1898754,-0.89935267,-0.56822324,1.702726,-0.8043197,-1.0666007,0.043777112,-0.27171344,-1.038253,0.74546355,-1.0354352,2.9674163,-0.8060626,1.6473515,2.5957425,-0.6973316,-0.36264127,-1.0110942,1.563181,-1.1055324,0.84158933,-0.09895487,-0.8266605,-0.92054373,0.2941981,-0.13587235,-0.24231029,-0.4097211,-0.74410546,-0.4303584,2.093757,-0.40384313,-1.0921772,-0.6438591,-0.7429828,-0.5918134,-0.55398524,2.8752718,0.7715361,1.1928791,-0.034683734,0.8539581,-0.60479647,1.0077697,1.6655579,1.7816097,0.10385237,-0.22026327,-0.96033233,-1.2537585,-1.0733056,1.1604646,-0.44555426,0.58331937,-0.14218818,-0.34979394,0.28300437,-0.5731091,-0.36019528,-0.91783035,-1.0370702,-0.92162895,-0.467289,-0.65375644,0.9292957,-1.1358443,-0.6380409,0.5934757,0.8369948,-0.10532618,0.2528723,-0.4247879,-0.777899,0.838888,1.1328949,-0.41984212,-0.51110816,-0.72673875,-1.0068002,-0.9595057,-0.46234384,0.6808139,0.31506276,1.5450467,-1.1191728,1.1630486,0.6402359,0.9914323,0.33177722,-0.45498094,-0.0872717,1.1812317,-0.15678027,-0.8188163
41,ebeDivide,0,0,0,0,0,0,0.73801464,1.2869964,1.1157632,0.10935754,-0.7999838,-1.1132259,-0.98141485,-0.84477,-0.41429302,0.80806774,-0.6594778,-1.0746517,-0.021993386,-0.08990711,-0.9973903,1.5911255,-1.0270065,1.7870896,-0.86875546,1.3536234,3.1584818,-0.58497053,-0.7947568,-0.92327046,0.6441548,-1.0743911,0.616155,0.2745697,-0.8078929,-0.7388902,-0.0006465968,-0.59122884,-0.24141547,-0.04144223,-0.5445149,-0.5224545,1.1170992,-0.44240445,-0.8892422,-0.46598408,-0.6508847,-0.6108599,-0.49184993,3.235628,0.51288384,1.0571389,-0.28619564,0.6345419,-0.4155115,0.077670425,1.3313962,1.5987962,-0.014139077,-0.43186128,-0.7668711,-1.1759008,-1.1470393,0.5155113,-0.47191778,0.50499076,-0.22035557,-0.29309624,0.31539264,-0.73598766,-0.4213756,-0.8909504,-0.87828875,-0.69758695,-0.4875421,-0.49190304,1.5685915,-0.84797686,-0.51808393,0.44649434,1.1481285,-0.23396567,-0.22523963,-0.5476746,-0.4399113,1.3698747,0.6888256,-0.26013628,-0.5635273,-0.84622633,-0.9882404,-0.9120495,-0.4286577,0.30182174,-0.38264754,1.4190176,-1.1763855,1.4000492,0.612091,0.99678355,0.7682278,-0.40499038,-0.14410554,1.0350574,0.06631689,-0.88296384
42,quantile,1,1,0,0,1,1,1.8332348,1.060952,0.7409263,0.21174501,-0.72553813,-1.0821887,-0.9679378,-0.90162534,-0.36253715,1.344494,-0.62864256,-0.9903653,0.02664306,-0.14056891,-0.89286464,1.1390766,-0.7932488,2.1028855,-0.8034598,2.1280806,2.0808039,-0.5709022,-0.54820156,-0.9924316,0.8488141,-0.8379469,0.45273918,0.03604619,-0.7780374,-0.69429153,0.19627519,-0.92156994,-0.005411333,-0.26446474,-0.6203945,-0.46606067,1.7125942,-0.27606127,-0.83139604,-0.45830378,-0.63313955,-0.62694496,-0.5093938,1.9568503,1.2778286,1.8192897,-0.09005785,0.06775789,-0.27855626,0.31904218,1.4628892,2.6617181,0.14410199,-0.43231925,-0.717313,-1.0765413,-1.0474024,0.5710509,-0.42158002,0.519103,-0.21543969,-0.25054598,0.96754336,-0.54492664,-0.33656937,-0.8891548,-0.8795965,-0.63545996,-0.47570685,-0.58712035,1.1200134,-0.7899001,-0.40447715,1.3591882,1.1094658,-0.32217613,0.24313557,-0.37147486,-0.5194177,0.80381525,1.2848144,-0.13483311,-0.55850774,-0.8359445,-0.8676467,-0.8532662,-0.4294256,0.9426415,-0.16889745,2.274526,-1.0354798,1.2476737,0.6064519,1.6350266,0.057173345,-0.29907173,-0.19556585,1.6237557,0.69948816,-0.78182006
43,ebeAdd,1,1,0,0,0,1,0.9134155,0.8310122,1.1989393,0.09532208,-0.79966915,-1.0953821,-0.8238135,-0.8289485,-0.3682438,0.72280455,-0.5951475,-1.0036571,0.062327307,-0.08654045,-0.9088826,1.7135273,-0.9105955,1.6138037,-0.85758615,1.3576641,2.9488587,-0.55433375,-0.75261503,-0.9103722,0.41661322,-0.93033147,0.45644704,0.33576864,-0.8061355,-0.6290732,-0.17316705,-0.960455,-0.19459379,0.025850836,-0.540868,-0.49313995,1.1199354,-0.41988787,-0.75649256,-0.43585896,-0.6309151,-0.59478605,-0.4854826,2.7826502,0.5724698,1.272463,-0.28645718,0.18561298,-0.35688952,0.08924237,1.3867966,1.6141392,0.097731546,-0.39939585,-0.6974477,-1.129196,-1.145275,0.43330914,-0.44006512,0.5466468,-0.25633916,-0.30606937,0.42849925,-0.6904222,-0.39191902,-0.8355195,-0.84343004,-0.62744963,-0.46812758,-0.47812307,1.6232562,-0.7325283,-0.47642338,0.5774669,1.2259847,-0.16902988,-0.22951469,-0.54372436,-0.41550946,1.1599975,0.706963,-0.21126154,-0.5792644,-0.83346313,-0.91812485,-0.81455225,-0.4302954,0.344449,-0.41663516,1.4636017,-1.1026778,1.2579762,0.6453382,1.2167392,0.51797855,-0.36639634,-0.15635194,1.1175038,0.32962993,-0.8894318
44,hamming_dist,0,0,0,1,1,1,0.6557325,1.1404945,1.2893715,0.16419975,-0.8324469,-1.1181393,-0.9578294,-0.8358094,-0.40661943,0.7167044,-0.6633352,-1.003697,0.151274,-0.021811329,-0.96699923,1.3485616,-1.0397973,2.0516446,-0.8550283,1.4923109,2.8453314,-0.6105354,-0.73809457,-0.95266396,0.5046878,-0.9781217,0.63406,0.15283516,-0.8190392,-0.76782304,-0.386307,-0.9691887,-0.25279412,-0.071318604,-0.5471966,-0.47929218,1.3006727,-0.4490444,-0.91212213,-0.529073,-0.6288819,-0.602791,-0.4965566,3.0305295,0.28804743,1.24703,-0.32055432,0.30644313,-0.42423064,0.18566425,1.8856225,1.4336495,0.20933472,-0.39491203,-0.7361093,-1.2040045,-1.1090776,0.658395,-0.44660574,0.58754045,-0.30784097,-0.18601452,0.23926902,-0.69890374,-0.4144866,-0.82043815,-0.90297073,-0.68295944,-0.4686527,-0.50002766,1.25276,-0.8254171,-0.52368844,0.34799996,1.0612637,-0.34202558,-0.23806265,-0.66002506,-0.44974887,1.3785005,0.66204804,-0.19914211,-0.51403016,-0.79776895,-0.8666462,-0.8988957,-0.44078463,0.14928639,-0.24570358,1.6053957,-1.1312368,1.3369665,0.58628136,0.55840915,0.6388207,-0.3907572,-0.12366685,1.0353812,-0.06412038,-0.98350734
45,add_two_array_values(sum_labeled),0,0,0,0,0,0,0.92606866,2.124726,0.32453743,0.23319466,-0.813294,-1.2663938,-1.2532955,-0.9505717,-0.4516579,1.4898093,-0.81172645,-1.1767354,-0.31020436,-0.22040386,-1.02649,1.1513231,-0.9235288,2.7893717,-0.84710336,1.9404128,2.904678,-0.6952169,-0.76318765,-0.98926175,1.320503,-1.1587704,0.7986467,0.25903326,-0.8467796,-0.92596847,0.12375736,-0.08789622,-0.13962664,-0.2963692,-0.35127056,-0.46367577,2.3210435,-0.27267483,-0.90792435,-0.5568642,-0.7369736,-0.65356386,-0.5332819,3.1289084,0.2355568,1.6011941,0.08624298,1.017291,-0.40331006,0.27943176,1.7011479,1.8605082,-0.45452702,-0.5928732,-0.959529,-1.2849911,-1.1344079,0.7499826,-0.36061603,0.042658582,-0.18900824,-0.16926622,0.17135163,-0.84658873,-0.52300614,-1.0987672,-1.0418297,-0.8482562,-0.46103346,-0.53046113,1.5120564,-0.95577943,-0.6142478,0.5571926,1.3124143,0.1125634,-0.19966629,-0.4448888,-0.26395303,1.300715,0.51409537,-0.22040592,-0.42654872,-0.7738594,-0.97754014,-1.0384369,-0.4546871,0.14947478,-0.074445926,1.2688063,-1.2215042,1.435857,0.54634356,1.0136918,0.76224387,-0.33027387,0.089402586,0.94035816,0.009967759,-0.7493945
46,cnt_zeroes,0,0,1,1,1,0,0.90763485,1.5653389,1.2790812,0.32654247,-0.8514981,-1.167278,-1.1213001,-0.85442847,-0.39603385,0.9053034,-0.7569145,-1.0282383,0.21767427,0.039886497,-1.0446461,1.0339687,-1.0670235,2.5625796,-0.84244,1.8116006,2.6614535,-0.6459883,-0.7051686,-1.0089375,0.6614093,-1.0009767,0.7044964,-0.07909775,-0.808757,-0.86167026,-0.33673826,-0.9822741,-0.1789256,-0.2207303,-0.50465447,-0.46314952,1.6451395,-0.36244008,-1.008014,-0.5648991,-0.64024526,-0.63258624,-0.5116771,3.0611243,0.43229097,1.5447001,-0.31073272,0.26918763,-0.41981915,0.3097983,2.4610426,1.7421576,0.35294798,-0.4155258,-0.7954094,-1.2326887,-1.103217,0.79982036,-0.48535627,0.6746931,-0.30819616,-0.07523508,0.223414,-0.6808636,-0.38711458,-0.86172485,-0.9738655,-0.7116373,-0.4704116,-0.54483604,0.8907337,-0.86755544,-0.5312142,0.5121357,1.0010142,-0.51249504,-0.1675108,-0.64910954,-0.4101042,1.5168078,0.83063346,-0.15813334,-0.48280483,-0.8193261,-0.82304704,-0.9974553,-0.44790214,0.2999476,-0.083499014,2.2420912,-1.146579,1.3599814,0.47833252,0.42571488,0.5868943,-0.3684933,-0.08033025,1.247781,-0.16469261,-0.99791974
47,harmonicMean,1,1,1,0,0,1,0.9632335,2.334411,0.73289245,0.24390233,-0.7879156,-1.1712714,-1.4438579,-0.9006776,-0.5535115,1.1954409,-0.86798394,-1.2072734,-0.12302194,-0.12439434,-1.2436038,0.79046404,-1.0599797,2.7657897,-0.820466,1.371084,2.9870744,-0.69565344,-0.7732626,-0.9846147,1.5527575,-1.3950919,0.98695135,-0.10979952,-0.81523013,-0.97653735,0.52619785,0.23722488,-0.26430458,-0.4066525,-0.49669832,-0.57979596,1.4901918,-0.49390963,-1.1480129,-0.6241745,-0.7083753,-0.5830078,-0.512245,3.8830235,0.7379039,1.2550454,-0.26730442,1.5616275,-0.69138783,0.1427523,1.9891204,1.8865166,-0.12926024,-0.31617627,-0.9740595,-1.2690866,-1.0743989,0.891792,-0.5714553,0.540633,-0.03392971,-0.2634967,0.12581879,-0.70601875,-0.42908743,-0.99817115,-1.0088698,-0.8762236,-0.53593546,-0.591726,0.9054819,-1.0856999,-0.6283669,0.7283792,0.88524795,-0.55688685,0.022138704,-0.48414424,-0.4959597,1.5594659,0.7314653,-0.3668352,-0.48190022,-0.8694169,-1.0421398,-1.1173481,-0.4557725,0.4286137,-0.31624815,1.666762,-1.2559308,1.5611788,0.35615322,0.58870703,1.1345017,-0.43565318,-0.008306657,1.0214342,-0.48201287,-0.8836238
48,find_min,1,1,1,0,0,1,0.7710696,1.142624,1.1478354,0.39956188,-0.8141622,-1.1251603,-0.9930551,-0.8455107,-0.391685,0.75300664,-0.70559067,-0.9739181,0.20929036,-0.12142162,-0.9433069,1.3120172,-1.0382246,1.734089,-0.8315486,1.6310928,2.7335668,-0.56916726,-0.682086,-0.96222866,0.49008766,-0.9748339,0.4810821,0.036499683,-0.8031568,-0.76567394,-0.40214077,-0.93526495,-0.16106544,-0.07278635,-0.43360284,-0.43754467,1.4967873,-0.47276297,-0.88530785,-0.53490865,-0.6574339,-0.63387287,-0.519614,2.648192,0.55128986,1.1855577,-0.3202608,0.1740382,-0.4106265,0.2178744,1.5560874,1.6421025,0.34128746,-0.34145606,-0.70806634,-1.1635671,-1.1791705,0.63399655,-0.43143666,0.71415657,-0.33207032,-0.19529837,0.21679041,-0.6036025,-0.38578832,-0.8663469,-0.9404261,-0.620145,-0.4420646,-0.5619302,1.1998895,-0.7882033,-0.50760394,0.48446706,1.253585,-0.41550156,-0.4140624,-0.66399497,-0.26715386,1.0393753,0.57361543,-0.22739728,-0.5238703,-0.7751479,-0.7584757,-0.8717035,-0.46549523,0.2757226,-0.21312976,1.6514719,-1.0719252,1.22346,0.45079035,0.5908619,0.6451594,-0.40231144,0.03600734,1.201372,-0.0865258,-0.94164926
49,partition,0,0,0,0,0,0,0.609851,0.6035611,1.2053517,0.22159092,-0.8606114,-1.192296,-0.9575942,-0.77692354,-0.4375536,0.45474684,-0.65425056,-1.1471602,0.35581672,-0.20289963,-1.0972896,1.5513123,-0.9766126,2.0384984,-0.7734325,1.4424524,3.715843,-0.5840014,-0.49385613,-0.97924775,0.08927991,-1.0841609,0.13920738,0.0075540673,-0.7131484,-0.70210135,-0.41308346,-0.7624859,-0.1861028,0.009313973,-0.50506085,-0.60572684,1.2282646,-0.057344053,-1.0260756,-0.681386,-0.80371064,-0.56157935,-0.5992074,3.0550263,0.93948376,1.3004735,-0.24047965,-0.090885155,-0.44430572,0.08532601,2.3829954,2.048933,0.13259062,-0.09512775,-0.89595675,-1.248564,-1.1394107,0.51751673,-0.4470527,0.6585345,-0.15062682,-0.34593785,0.2609523,-0.4047267,-0.5671676,-0.8234557,-1.0056932,-0.81198484,-0.5145556,-0.68415886,1.496929,-0.9125781,-0.6360315,0.5955218,1.2652155,-0.25094184,-0.0072165485,-0.58097506,-0.34748283,0.92821616,0.86807877,-0.3989631,-0.565468,-0.81939965,-0.9504387,-0.9208209,-0.5469704,0.34564015,-0.40552536,1.2302804,-1.1247709,1.2550566,0.17412643,1.0067512,0.6218815,-0.42962742,-0.103799105,0.8705336,0.21072541,-0.8977459
50,skew,1,1,1,0,0,0,1.2603873,1.7702147,0.71955234,0.34006625,-0.7660994,-1.1678121,-1.4329449,-0.91637844,-0.58484626,1.3920519,-0.852583,-1.1453973,-0.10290334,-0.15195557,-1.1762317,0.6792172,-1.0294172,2.65638,-0.81251997,1.4892448,3.0420618,-0.64317966,-0.54311293,-1.010424,1.3654906,-1.2771429,0.663746,-0.20780541,-0.7925476,-0.9238443,0.5386211,-0.06818826,-0.25527585,-0.41264063,-0.57028806,-0.578189,1.428525,-0.53594977,-1.1291134,-0.7121918,-0.7225749,-0.587399,-0.51684123,2.9909654,1.0788871,1.3302528,-0.23632826,1.0290147,-0.7348418,0.53955746,1.9157397,2.0634842,-0.065068774,-0.27906844,-0.9029419,-1.2264951,-1.0936112,0.7670166,-0.5472337,0.56853884,-0.04738836,-0.31201223,0.4948312,-0.6220607,-0.41877553,-0.9588185,-1.0107254,-0.9069112,-0.5088289,-0.69595605,0.9883112,-1.0807227,-0.54638183,0.8901893,0.8613381,-0.5724879,0.2989932,-0.38060927,-0.56516004,1.1459259,1.1047817,-0.40117973,-0.5216386,-0.8490794,-1.0442663,-1.0651171,-0.47701558,0.99802214,0.00418806,1.9063752,-1.1709813,1.3925773,0.4195275,1.0398037,0.75004137,-0.44557208,-0.01616799,1.0421084,-0.009398522,-0.90838736
51,dist,0,1,0,1,1,1,0.8211697,0.6879504,1.0485251,0.4767684,-0.82287073,-1.2129858,-0.9609775,-0.8273164,-0.45063123,1.1668663,-0.7887672,-0.99139106,0.040948477,-0.15325266,-0.94844955,1.2813158,-1.027623,2.0769773,-0.84748316,1.3396337,2.823762,-0.5844132,-0.42112705,-0.9411238,0.76636577,-0.9244256,0.44065857,0.07049009,-0.8560794,-0.78184485,-0.2190745,-0.87383413,-0.255307,-0.08090859,-0.62905854,-0.42642355,1.7269942,-0.6289347,-0.96289116,-0.593474,-0.65553254,-0.5449065,-0.51331025,2.572394,0.40277025,1.0903907,-0.20128779,0.21446696,-0.51908195,0.8168749,1.2609726,1.3232588,0.12304791,-0.29024038,-0.77296126,-1.1862136,-1.1126368,0.5743429,-0.41803274,0.50987333,-0.20480876,-0.28360474,0.21117048,-0.5996098,-0.42117056,-0.8051554,-0.94978225,-0.8312305,-0.45363462,-0.6002809,1.3307956,-0.9201671,-0.5561877,0.30222932,0.984351,-0.32236266,0.12179406,-0.60146934,-0.543653,0.9330782,1.1120995,-0.365941,-0.5776505,-0.6907587,-0.9135016,-0.8266963,-0.45688128,0.494513,0.2141745,1.3570917,-1.0478861,1.2364488,0.6145662,0.7613993,0.44962844,-0.46446759,-0.039770298,0.94690436,-0.10961717,-0.90324706
52,weightedMean,1,1,0,0,0,1,1.311873,0.8948628,0.88502276,0.61846024,-0.77871776,-1.2355534,-1.1051486,-0.86761296,-0.54714555,1.4685099,-0.7643177,-1.0376167,0.034491185,-0.2773719,-1.0275229,1.0184926,-1.0232568,2.4566998,-0.8523895,1.428275,2.8604684,-0.6237538,-0.5130347,-0.98842496,1.2331886,-1.0999854,0.68573695,-0.06306346,-0.8219403,-0.85057753,0.22059345,-0.36843735,-0.20803484,-0.27381432,-0.7248849,-0.4786542,1.7745863,-0.44548917,-1.0495992,-0.61490923,-0.73592097,-0.50510395,-0.5400585,2.8039849,0.8639001,1.2013146,-0.10617733,0.6932249,-0.5350173,0.6570956,1.5500906,1.6571953,0.16125451,-0.115342185,-0.89774674,-1.2315991,-1.1110284,1.0397655,-0.46345702,0.7346903,-0.18193708,-0.31870523,0.33104208,-0.520298,-0.34524947,-0.9046718,-1.0248594,-0.81218886,-0.47162873,-0.61467046,1.279981,-1.0575494,-0.589284,0.46004704,0.8406045,-0.15541388,0.11317511,-0.4106037,-0.75671804,0.802464,0.9935048,-0.42110285,-0.5714145,-0.7599004,-1.0364459,-0.94118357,-0.45432326,0.6335115,0.08581571,1.6146636,-1.1428932,1.1643391,0.5575223,1.2061254,0.4015556,-0.44397777,-0.08183606,1.1808088,-0.032782376,-0.873787
53,add_values,1,1,1,1,1,1,0.91427386,1.0960047,1.0746659,0.7370055,-0.85151124,-1.3529872,-1.1841731,-0.8974552,-0.55321604,1.4728469,-0.87635475,-1.0395963,0.16972062,-0.12161897,-1.0750844,0.91900843,-1.1042402,2.6253145,-0.8639748,1.6326922,2.816308,-0.6114714,-0.3199247,-1.0500549,1.0854584,-1.0132188,0.7679529,-0.15414909,-0.8774407,-0.9055983,-0.2718108,-0.82013214,-0.29210162,-0.21565232,-0.6467962,-0.414371,2.2293706,-0.67405915,-1.1370921,-0.6999676,-0.685302,-0.56749624,-0.5355201,2.801823,0.48779643,1.2879848,-0.21289997,0.35096356,-0.59847057,1.215644,1.863699,1.5422068,0.3222887,-0.23152857,-0.8795432,-1.2746326,-1.1768873,1.0410624,-0.49648154,0.77168036,-0.2087288,-0.21856336,0.06379857,-0.574731,-0.38785088,-0.8311852,-1.0918491,-0.9862244,-0.4663784,-0.6983688,1.0836968,-1.0730492,-0.60206026,0.21965626,0.81541604,-0.45831928,0.18531497,-0.62545097,-0.547275,0.9827595,1.255526,-0.4451223,-0.5659627,-0.71064866,-0.9066975,-0.92567796,-0.4870998,0.64164394,0.613279,1.7427623,-1.0826288,1.2127236,0.54810387,0.53820485,0.42030084,-0.5048976,0.07947411,1.0852516,-0.24305081,-0.96147734
54,ebeSubtract,0,0,0,0,0,0,0.82224816,0.90053356,1.2375787,0.14630072,-0.80518204,-1.1052088,-0.84099144,-0.8340172,-0.3594842,0.7128014,-0.6069601,-1.0097317,0.05778608,-0.08162272,-0.920511,1.7202413,-1.0081922,1.56583,-0.8748958,1.448008,2.9938858,-0.54968286,-0.7539323,-0.923456,0.3537713,-0.93622583,0.4672244,0.3065351,-0.80967003,-0.6708451,-0.23945889,-0.97941035,-0.18794434,0.03667606,-0.5494541,-0.49357414,1.173798,-0.45563832,-0.8220612,-0.4220274,-0.63952786,-0.5977331,-0.49293017,2.866362,0.5809547,1.1306931,-0.25833565,0.20225158,-0.332546,0.097042345,1.2519671,1.6497906,0.12886715,-0.40741882,-0.7034674,-1.144584,-1.1551952,0.4646428,-0.41800207,0.5756689,-0.28738272,-0.26670566,0.3901928,-0.6765121,-0.39810005,-0.8496321,-0.8633422,-0.6340595,-0.46885857,-0.48529118,1.6559927,-0.7678564,-0.48212993,0.5078137,1.2165186,-0.17043646,-0.21760604,-0.56419814,-0.41123906,1.2173545,0.7806936,-0.22765781,-0.5864767,-0.8157113,-0.923266,-0.84110045,-0.42449322,0.32621682,-0.3866206,1.5399313,-1.1195925,1.3284721,0.66124207,1.0759321,0.54927266,-0.3861424,-0.15176022,1.1206677,0.20616616,-0.8901714
55,check_eq_tolerance,0,0,0,0,0,0,0.8897474,1.0558498,0.9713758,0.12537432,-0.82763815,-1.1851779,-0.86303174,-0.9097325,-0.30776697,0.9828273,-0.6036756,-1.0553756,0.07566684,-0.13190126,-0.84448206,1.7595576,-1.0594448,1.7810382,-0.89149964,1.8057121,3.0186613,-0.6687333,-0.73525894,-1.0222759,0.65530145,-0.9138061,0.5289707,0.5464835,-0.83241427,-0.79879344,-0.27493173,-0.89140594,-0.10672504,-0.17898299,-0.5642618,-0.5041644,1.4085591,-0.30787426,-0.8623134,-0.56296206,-0.6922117,-0.52532655,-0.51839924,2.5103757,0.7590314,1.1069915,-0.08785662,0.2653857,-0.17389295,0.24304424,1.3829883,1.7884305,0.09145383,-0.48815367,-0.11367108,-0.8605323,-1.1538743,0.71515006,-0.2855922,0.4501704,-0.31993598,-0.1545103,0.5100916,-0.69080454,-0.45661688,-0.9426822,-0.9570739,-0.6581001,-0.42156923,-0.5169352,1.7556628,-0.8365032,-0.47493437,0.6573236,1.3870239,0.08017115,-0.21979627,-0.59784883,-0.4036281,1.3403869,0.773367,-0.023001216,-0.54015684,-0.7780763,-0.8951303,-0.9156688,-0.42181674,0.31174684,-0.17722923,1.5550421,-1.1463912,1.2432897,0.7338836,1.0871636,0.6585207,-0.37336385,-0.1226142,1.189852,0.11113042,-0.8508876
56,find_max,1,1,1,1,1,1,0.89024544,1.388526,1.3676546,0.34429336,-0.86116153,-1.1879277,-0.9880033,-0.857116,-0.37868157,0.9097439,-0.73307604,-1.0291691,0.24235485,-0.093296774,-0.9661604,1.6565713,-1.0672792,1.8816453,-0.8842773,1.8713634,2.9856522,-0.5775003,-0.74636364,-0.9779402,0.5646415,-0.9785164,0.5946084,0.09052261,-0.82990384,-0.77609414,-0.4231763,-0.9665104,-0.16478555,0.035297807,-0.46265015,-0.43382367,1.4747186,-0.4475923,-0.95885193,-0.5357013,-0.66477966,-0.60411483,-0.51546395,3.1778264,0.71504277,1.289298,-0.30300072,0.18631983,-0.37667814,0.2641185,1.6135465,1.8466861,0.41136894,-0.33838165,-0.7638348,-1.2184861,-1.2431505,0.7467425,-0.44106758,0.8443555,-0.33193424,-0.18830259,0.26232356,-0.59355474,-0.40465787,-0.90364033,-0.96102566,-0.59436214,-0.45020148,-0.54546577,1.4363399,-0.799925,-0.50745964,0.61610585,1.4843248,-0.42064333,-0.31369352,-0.70326024,-0.24401113,1.2798595,0.66050225,-0.18671757,-0.57701457,-0.829191,-0.799951,-0.9026854,-0.44720668,0.39336154,-0.21469437,1.7362221,-1.1463082,1.3885391,0.46724483,0.543742,0.70712054,-0.3829537,-0.043579657,1.3673276,-0.09896141,-0.9638613
57,min,1,1,1,0,0,1,1.2507172,0.81249106,1.1130416,0.59851164,-0.8342114,-1.1829294,-0.9287632,-0.84873915,-0.3637838,0.9770579,-0.6760276,-0.9983441,0.21019593,-0.24234547,-0.92839664,1.467727,-1.0331211,2.0714006,-0.8389012,1.8119242,2.7183447,-0.5996537,-0.67341375,-0.9700568,0.7071383,-0.97294104,0.46949667,0.01706868,-0.7981603,-0.7803014,-0.24008241,-0.8118839,-0.04756019,-0.09193787,-0.56037265,-0.41458175,1.7832364,-0.25237128,-0.9153517,-0.49879462,-0.7406645,-0.6291821,-0.5509031,2.7541156,0.79488283,1.3123089,-0.09198244,0.08484143,-0.3386227,0.21482116,1.5331864,1.9886168,0.40141082,-0.24595599,-0.8093053,-1.2249624,-1.1812233,0.87949383,-0.33886948,0.75256443,-0.35095704,-0.24424899,0.41870615,-0.5157923,-0.37807065,-0.92860484,-0.9963445,-0.60292715,-0.44122782,-0.57715476,1.2740889,-0.8622701,-0.5598184,0.71817917,1.3147614,-0.08192181,-0.34992686,-0.53976375,-0.47607127,0.86894125,0.63214,-0.24733444,-0.5417795,-0.77809167,-0.855726,-0.912001,-0.4628321,0.2826939,-0.260707,1.863859,-1.1151288,1.2729529,0.4589335,1.0824146,0.39726746,-0.39288706,-0.0772748,1.4820309,0.037624583,-0.8665173
58,insertion_sort,1,1,1,0,0,1,1.0169055,0.85419244,1.3417646,0.48035273,-0.85726726,-1.1935803,-0.9897269,-0.8466072,-0.39020878,0.8488373,-0.63687676,-1.0396333,0.33145165,-0.173091,-1.0167389,1.6794637,-1.0150902,2.1459904,-0.80066925,1.6897545,3.1790726,-0.5667818,-0.40865698,-0.9686072,0.4027383,-1.0676569,0.39757693,-0.01791164,-0.7039242,-0.74511033,-0.33067864,-0.8393281,-0.12805061,-0.023513034,-0.5219356,-0.5330022,1.5174404,-0.25345108,-0.9699556,-0.6095188,-0.7532811,-0.59849983,-0.5666579,3.084156,0.7082471,1.4752507,-0.24274024,0.06892798,-0.5514876,0.24443021,1.9501146,1.7100024,0.3153607,-0.20154598,-0.82185555,-1.2613336,-1.1703982,0.7642961,-0.40388948,0.82135034,-0.1715953,-0.1694614,0.472362,-0.50350195,-0.4506149,-0.874024,-0.97001964,-0.68959033,-0.4901849,-0.655731,1.5166504,-0.82104075,-0.56359434,0.62704307,1.359476,-0.33738536,0.14532083,-0.62744457,-0.3646131,1.0861609,0.910038,-0.27562454,-0.5698814,-0.8475068,-0.9228649,-0.9551245,-0.50732374,0.43648353,-0.51140904,1.992634,-1.1394858,1.367433,0.27893203,1.0263375,0.5507819,-0.39836976,-0.1252793,1.2502434,0.24871585,-0.95871496
59,equals,0,0,0,0,0,0,0.81872106,1.0647146,1.061801,0.16839632,-0.83619773,-1.1716816,-0.83679205,-0.9175219,-0.30155638,0.8419665,-0.6070523,-1.0550145,0.13722189,-0.13989429,-0.84378016,1.8683233,-1.0571659,1.589715,-0.8947256,1.7220552,3.124128,-0.6437197,-0.7476395,-1.0129871,0.63011265,-0.8640864,0.497345,0.5218229,-0.8421313,-0.7798142,-0.36872613,-1.0294374,-0.094861865,-0.15403421,-0.48884806,-0.48837572,1.3254459,-0.31089303,-0.8632172,-0.5983839,-0.69753045,-0.5150752,-0.51729435,2.5169528,0.6185671,1.1282206,-0.18893638,0.25185883,-0.12742592,0.19482824,1.3064739,1.6010319,0.14850163,-0.5054123,-0.042453375,-0.83908886,-1.1523575,0.59442514,-0.31887925,0.48289043,-0.31325242,-0.13056009,0.44409785,-0.7201548,-0.4657121,-0.9166859,-0.9265628,-0.6350192,-0.4241481,-0.5333876,1.8659244,-0.7638394,-0.45615444,0.5740023,1.3945123,-0.10120817,-0.25779778,-0.70435536,-0.24692807,1.4952762,0.82556164,0.0021479279,-0.5735956,-0.7899343,-0.83627594,-0.9092612,-0.42114997,0.19705008,-0.1720689,1.5431315,-1.1208134,1.2016032,0.5839178,1.0237796,0.7267282,-0.36192384,-0.10745668,1.1725302,0.20594801,-0.85939825
60,pooledMean,1,1,1,0,0,1,1.6668351,1.9626536,0.8403154,0.23020335,-0.80104333,-1.136755,-1.3651063,-0.9350685,-0.56138176,1.3581902,-0.8053687,-1.1479704,-0.033895995,-0.102634266,-1.1319287,0.9232091,-0.893862,2.6437056,-0.83865744,1.5493659,2.9545822,-0.67811406,-0.77631354,-1.015258,1.5378277,-1.304832,0.8589661,0.01923471,-0.8085238,-0.9114557,0.6231559,-0.08805763,-0.16864379,-0.41110831,-0.4565919,-0.53891015,1.3226804,-0.45165676,-1.0391515,-0.62562096,-0.68616414,-0.5717959,-0.48229575,3.309872,0.89097166,1.663065,-0.27080306,1.1823242,-0.69022566,0.10737087,2.1883395,1.9985509,0.027099902,-0.2752585,-0.8700518,-1.234432,-1.1142534,0.8815526,-0.5361061,0.618128,-0.19907697,-0.28972164,0.63567626,-0.691915,-0.39302856,-0.9859802,-0.96400183,-0.71152735,-0.4979039,-0.5839557,1.1231744,-0.98085314,-0.5150488,1.0531621,1.1047994,-0.48283094,-0.050466318,-0.42425144,-0.45056748,1.4645734,0.7351566,-0.23514554,-0.50420886,-0.92035246,-1.0372834,-1.0774627,-0.4425611,0.6848017,-0.42304444,2.0599701,-1.233383,1.5072254,0.4864745,1.278573,0.903541,-0.36063316,-0.013910641,1.3807632,0.0958171,-0.94276476
61,dec_array,1,1,0,0,0,1,1.6799995,1.2540256,1.0065658,0.48485386,-0.8651571,-1.2873751,-1.2259426,-1.0325619,-0.551858,1.1406053,-0.7649765,-0.9775769,0.15321234,-0.12156964,-1.1044421,1.1730902,-1.0125395,2.8011901,-0.93931085,1.6186254,3.2895176,-0.66128504,-0.79868203,-1.0833926,0.69168764,-1.137913,0.88927627,0.12304355,-0.8822591,-0.82498646,-0.09576564,-0.96094626,-0.045668762,-0.30313548,-0.38119304,-0.46500963,2.0775168,-0.4997505,-0.9592358,-0.44350943,-0.7176877,-0.7150102,-0.5288101,3.4497435,0.22359352,2.433678,-0.3299103,0.46410164,-0.60908276,0.19095722,3.192203,1.574515,0.08803064,-0.49457783,-0.897089,-1.2926558,-1.2595927,1.3395883,-0.52392316,0.6172688,-0.35390285,0.08166484,0.459563,-0.82435125,-0.4060489,-1.0032606,-1.0911083,-0.8254769,-0.49891168,-0.61576164,1.4207594,-0.92783064,-0.52000076,0.6271531,1.163832,-0.16432655,-0.5339323,-0.47579548,-0.39063242,1.4126986,0.33699372,-0.23505996,-0.50864065,-0.92931986,-0.9763718,-1.0310563,-0.51975304,0.23821348,-0.10705393,2.4701307,-1.2462401,1.0789007,0.59292465,1.8117502,0.32924914,-0.33640924,0.065461054,1.2273443,0.50558984,-1.0354747
62,sum_Power_Deviat,0,0,0,0,0,0,0.99264383,0.810773,0.7170772,0.54426384,-0.78017163,-1.2487512,-1.0591798,-0.90757686,-0.5000769,1.3280429,-0.802435,-0.9851374,0.09020054,-0.16873938,-1.0135745,0.7271508,-1.0344596,2.3131723,-0.82277703,1.6780485,2.3945796,-0.6373573,-0.3117978,-1.0376974,0.84859943,-0.9318759,0.54493624,0.072501265,-0.8652683,-0.8054387,-0.11366503,-0.8315261,-0.15997985,-0.31903338,-0.6339878,-0.47061208,2.0920775,-0.6386249,-0.9586445,-0.63473684,-0.67880046,-0.6483226,-0.52003783,2.2050197,0.87192845,1.4231006,-0.2157688,0.3630921,-0.5619524,0.89364636,1.7439122,1.9481066,0.13420442,-0.32523492,-0.81756794,-1.1540339,-1.0906247,0.75095934,-0.49662572,0.5796768,-0.15002084,-0.2902765,0.2709289,-0.54947907,-0.4113671,-0.8431049,-1.0254023,-0.9060093,-0.46332663,-0.68008435,1.0798239,-0.9860977,-0.56148034,0.80076253,0.8779748,-0.16959031,0.26586014,-0.47577572,-0.5085555,0.8428193,1.3153857,-0.40332556,-0.51880467,-0.67898095,-0.8094308,-0.84741646,-0.47789514,0.7296997,0.28414294,1.6420984,-0.9981486,1.0344633,0.7564526,1.0484324,0.18898739,-0.4563284,-0.02359801,0.9890111,0.2230909,-0.8727557
63,geometric_mean,1,1,1,0,0,1,0.7343984,1.3663332,0.63580716,0.2200211,-0.7315518,-1.0933625,-1.1406361,-0.850788,-0.39435148,0.98193544,-0.749812,-1.0016075,-0.027792085,-0.13360043,-0.98225355,0.7195147,-0.9436548,2.34212,-0.7445471,1.4161949,2.3608546,-0.66984403,-0.5155519,-0.93620217,1.0633724,-1.1228223,0.6473594,-0.062141918,-0.7818374,-0.827856,0.065462485,-0.2682934,-0.18694189,-0.115744814,-0.52792203,-0.47770113,1.5052687,-0.44591016,-0.9637531,-0.29404855,-0.6551241,-0.63715136,-0.50208855,2.7505658,0.5818685,1.2296262,-0.31844687,0.71339166,-0.63694847,0.27360135,1.8058234,1.5699288,-0.05749599,-0.44391692,-0.79719245,-1.1472598,-1.0266564,0.7355687,-0.48823604,0.33357614,-0.055900764,-0.24430458,0.17999677,-0.663049,-0.4029531,-0.85203916,-0.9249786,-0.7892643,-0.48791942,-0.4872634,0.6722976,-0.9117501,-0.5706931,0.70309234,0.9605673,-0.3339917,0.040569495,-0.40624067,-0.48292834,1.0973355,0.92518055,-0.2820217,-0.41839397,-0.67348164,-0.85358125,-0.8968591,-0.47309107,0.33485103,-0.39225602,1.5056987,-1.0433456,1.1375793,0.5216432,0.7193877,0.68878394,-0.3891742,-0.052210037,0.932309,-0.20334072,-0.83364874
64,sum,1,1,1,1,1,1,0.77805185,0.8986449,0.9619447,0.7555518,-0.8278489,-1.3242012,-1.1541106,-0.8819748,-0.5588146,1.4446759,-0.8813517,-0.9973659,0.10383116,-0.13881907,-1.0313925,0.7904925,-1.0853386,2.4832277,-0.83288527,1.4199554,2.712637,-0.6080823,-0.20303598,-1.012172,1.0930991,-0.9628681,0.6739676,-0.18485177,-0.8736868,-0.89768803,-0.2696865,-0.80605775,-0.35673162,-0.2442624,-0.67338437,-0.41001377,2.1122167,-0.70530415,-1.1179543,-0.7068278,-0.6706275,-0.5808743,-0.53758717,2.4416625,0.34985805,1.0406055,-0.20761994,0.29338148,-0.63018566,1.3321604,1.5559195,1.3307022,0.22298892,-0.27107263,-0.84158957,-1.2354364,-1.1083188,0.93835497,-0.48019773,0.61608124,-0.16563593,-0.24365342,0.044788994,-0.5576041,-0.39045325,-0.78210855,-1.0459691,-1.0284216,-0.45485073,-0.71752065,0.9337285,-1.0647019,-0.59832877,0.11942836,0.63698524,-0.4702755,0.34001887,-0.6220182,-0.5845787,0.86831284,1.4204471,-0.48180246,-0.5549508,-0.64221114,-0.8782431,-0.8802396,-0.48414496,0.6524912,0.7743237,1.53917,-1.0210465,1.1217153,0.5474932,0.4455248,0.34016216,-0.53001106,0.06342754,0.90714514,-0.25578418,-0.9356726
65,sequential_search,0,0,0,1,1,0,0.76954955,1.3270631,0.9363243,0.22366431,-0.78608614,-1.1285976,-0.96570617,-0.8497162,-0.38524392,0.9968216,-0.6912803,-0.95339847,0.16396016,-0.08320729,-0.90324813,1.0551411,-1.0076714,2.2390254,-0.8147421,1.7514746,2.4219172,-0.63889414,-0.61742043,-0.9687585,0.67397517,-0.8795263,0.7270396,0.11790277,-0.8131222,-0.7931972,-0.3056259,-0.91840774,-0.1816331,-0.245493,-0.49465463,-0.40640265,1.7796323,-0.37976938,-0.8586508,-0.5091467,-0.6229202,-0.6188686,-0.5245467,2.5802283,0.2355102,1.2482951,-0.27764776,0.37756696,-0.25753006,0.40766975,1.7101462,1.5521716,0.2276294,-0.4694937,-0.7369095,-1.1540302,-1.0646331,0.72538006,-0.4509769,0.539066,-0.2836925,-0.14573517,0.2155973,-0.6966828,-0.34277543,-0.84915286,-0.9001352,-0.6895845,-0.45558846,-0.50555086,1.0819542,-0.79920423,-0.49323395,0.4794657,0.9763521,-0.26569527,-0.15913972,-0.62234,-0.37114727,1.1988621,0.8064147,-0.14823824,-0.4780979,-0.748583,-0.75882226,-0.8638232,-0.43749854,0.21284851,-0.06760797,1.700539,-1.0729977,1.1166402,0.69976676,0.54476744,0.42299715,-0.3481272,-0.035027668,1.0576056,-0.020157184,-0.84576774
66,ebeMultiply,1,1,0,0,0,1,0.89834166,0.8699992,1.2123634,0.11424159,-0.8016326,-1.0989298,-0.8884279,-0.85793245,-0.39692172,0.7647438,-0.612492,-1.014207,0.016155573,-0.08473588,-0.92950606,1.6906613,-0.9999753,1.6388661,-0.88323534,1.4008936,3.1473088,-0.54244435,-0.7632366,-0.927016,0.31718123,-0.9615365,0.43491602,0.2839107,-0.8004327,-0.6651035,-0.14105447,-0.9869648,-0.21809094,0.006135855,-0.536563,-0.5114882,1.1263591,-0.45099354,-0.80889076,-0.45489508,-0.65047365,-0.611243,-0.49129,2.7998552,0.55315185,1.2072816,-0.28627953,0.17702872,-0.37255952,0.08136599,1.3625879,1.6118028,0.06668453,-0.4211612,-0.7000438,-1.1482261,-1.1671039,0.4119558,-0.4524548,0.53748435,-0.28651,-0.2746542,0.49013576,-0.70783937,-0.40466344,-0.8617176,-0.85833234,-0.6489978,-0.47204897,-0.5010228,1.7203258,-0.76874536,-0.46022728,0.4715706,1.1866243,-0.17238364,-0.23336238,-0.5033276,-0.41830635,1.2038108,0.742451,-0.22824444,-0.58604133,-0.8452223,-0.95641094,-0.8639674,-0.43281826,0.4036974,-0.3972731,1.6471292,-1.133568,1.285642,0.6731935,1.3005549,0.49764135,-0.37862036,-0.14726824,1.0747461,0.3787777,-0.91740316
67,elemtWise_not_eq,0,0,0,0,0,0,0.69977117,0.8291628,1.4088082,0.11269643,-0.856122,-1.1389754,-0.8625492,-0.8369186,-0.3532807,0.6455878,-0.6539629,-1.0537935,0.121718325,-0.12615278,-0.885242,2.0832462,-1.0517278,1.5677824,-0.9342391,1.2375807,3.3905408,-0.5628079,-0.7911891,-0.92548585,0.4299331,-0.9828583,0.49896106,0.4309182,-0.83975446,-0.71375966,-0.37715802,-1.0046523,-0.22378244,0.06977195,-0.5773003,-0.5044179,1.1823186,-0.42556363,-0.8658979,-0.5722463,-0.663857,-0.4912064,-0.50719917,3.087773,0.24927036,1.0785521,-0.21353985,0.16419612,-0.38683644,0.10958294,1.1920673,1.2617663,0.15056676,-0.36626977,-0.37977433,-1.0490005,-1.1813792,0.59596616,-0.3726954,0.64871746,-0.29057455,-0.2342488,0.35693663,-0.654955,-0.4465197,-0.86866325,-0.8949234,-0.6403881,-0.46039712,-0.5069264,1.9074209,-0.80331916,-0.49157664,0.21555908,1.3882579,-0.25592786,-0.3995721,-0.65461236,-0.47270238,1.212312,0.4435854,-0.1457449,-0.60860425,-0.84941536,-1.0024222,-0.89057225,-0.45356256,0.123014845,-0.32140616,1.3368574,-1.1750011,1.3349578,0.51844424,1.0449871,0.7881986,-0.4038559,-0.12216462,1.0331612,0.15654011,-0.95703644
68,count_non_zeroes,1,1,1,1,1,1,0.9013848,1.5571656,1.3444848,0.34655437,-0.8451631,-1.170896,-1.1086571,-0.9065646,-0.44387388,0.9016416,-0.67364365,-1.0361063,0.29686195,0.03284829,-1.0607431,1.0131497,-1.0772694,2.5516577,-0.8533876,1.7938688,2.6845872,-0.6489423,-0.71083635,-1.0181408,0.6534087,-1.0072004,0.7938779,-0.06377851,-0.81990665,-0.8596417,-0.3357595,-0.9683713,-0.21456708,-0.22350267,-0.50660115,-0.4613049,1.6356537,-0.42096555,-1.0137355,-0.5639001,-0.6424965,-0.66458875,-0.5122352,3.1549125,0.42799306,1.5320249,-0.31295246,0.3415479,-0.454018,0.30849308,2.482551,1.727502,0.42805982,-0.41763622,-0.79504496,-1.2414083,-1.114423,0.9126022,-0.4824988,0.74781936,-0.34016556,-0.0805715,0.21986729,-0.6751654,-0.37965313,-0.86007494,-0.97642976,-0.71161574,-0.47675967,-0.5632088,0.9002186,-0.8714816,-0.5311216,0.4990392,0.9900443,-0.45829505,-0.17347014,-0.64904314,-0.4076262,1.5199729,0.8224759,-0.18131146,-0.48536995,-0.8232245,-0.8244731,-0.99898195,-0.44926322,0.28317735,-0.09501216,2.2284148,-1.1549535,1.3466653,0.47088218,0.42297533,0.6078434,-0.373681,-0.08119433,1.2447499,-0.16836777,-1.0329394
69,set_min_val,1,1,0,0,0,1,0.96234477,1.2623848,1.0218234,0.18283139,-0.8267665,-1.1512353,-1.0679835,-0.93507653,-0.43923658,0.95950246,-0.7190525,-1.0287626,0.26096815,-0.10740242,-0.9696941,1.2835437,-1.0128747,2.161198,-0.88305885,1.6354285,3.10678,-0.6052398,-0.7454937,-0.9977398,0.5269871,-1.0165782,0.5586251,0.14682895,-0.8402913,-0.7563507,-0.20851463,-0.9308498,-0.16112556,-0.17790587,-0.36717677,-0.4637386,1.566806,-0.42564222,-0.8544339,-0.60555416,-0.66728044,-0.6588768,-0.5132226,2.7651951,0.33765793,1.6226732,-0.32293266,0.24114603,-0.43785167,0.22962025,2.164163,1.6476469,0.19621071,-0.39763227,-0.7419161,-1.2016351,-1.1990302,0.61290693,-0.48271063,0.6908685,-0.33666593,-0.24553645,0.42507252,-0.738212,-0.39763844,-0.9270064,-0.93699664,-0.66510975,-0.45535618,-0.55723625,1.4298588,-0.8085832,-0.47482586,0.65406436,1.3154334,-0.30097085,-0.48633498,-0.54463136,-0.20905356,1.1802163,0.40226278,-0.20976716,-0.5130251,-0.85963744,-0.83784497,-0.91171247,-0.4870972,0.28406778,-0.24055737,1.6915007,-1.1356843,1.0640454,0.6032414,1.1490996,0.5521423,-0.35121122,0.050209112,1.1203922,0.41129833,-0.93574274
70,sampleVariance,1,1,1,0,0,1,1.3433774,0.9412376,0.5914648,0.56672835,-0.7272658,-1.2151566,-1.158628,-0.93368703,-0.5667912,1.5892773,-0.76720124,-1.0320892,-0.0168649,-0.27546197,-1.0402157,0.6535089,-1.0046724,2.7741253,-0.7941224,1.5958277,2.4376097,-0.67039007,-0.36882132,-1.0118377,1.3272003,-1.0812382,0.69704705,-0.15260819,-0.8082651,-0.866176,0.32132703,-0.29319116,-0.25188467,-0.45674196,-0.71648043,-0.49919158,1.8709106,-0.41937053,-1.0312084,-0.65195626,-0.7383427,-0.62522846,-0.560367,2.503591,0.87787163,1.3024043,-0.0555213,0.6789952,-0.6173713,0.801246,1.6870086,1.8428266,0.06568616,-0.26200467,-0.8970492,-1.2036799,-1.0121033,1.0228395,-0.4409567,0.55734426,-0.10572106,-0.33393964,0.49131426,-0.5510818,-0.36325228,-0.888422,-0.97829473,-0.8865467,-0.47378936,-0.66543484,0.85383475,-1.0729729,-0.5982348,0.67259693,0.70756984,-0.159692,0.31456044,-0.3734376,-0.7378238,0.797689,1.2344762,-0.4114641,-0.5020172,-0.72920954,-0.9728737,-0.9542319,-0.47390723,0.6895791,0.13649036,1.7601299,-1.0852871,1.0928919,0.5792977,1.1955181,0.21918696,-0.4438014,-0.13194117,1.1622949,0.12246469,-0.84009945
71,shell_sort,1,1,1,0,0,1,1.6515536,1.2849976,1.1095948,0.40099323,-0.8300791,-1.1785611,-1.1155585,-0.93482125,-0.47171462,0.9822729,-0.6621174,-1.0735449,0.24872473,-0.070810854,-1.0563008,1.366008,-0.91670626,2.435152,-0.88725334,1.8555982,2.6687787,-0.6442442,-0.6201527,-1.0259532,0.88843703,-1.0917653,0.701092,0.013859838,-0.8222448,-0.8181691,0.019444857,-0.5972886,-0.16179124,-0.19869213,-0.53282243,-0.49715748,1.5778685,-0.35751483,-1.0146496,-0.5571155,-0.7077625,-0.64335257,-0.5601601,3.1937644,0.7142434,1.8793627,-0.11258359,0.41957095,-0.54263574,0.3024751,2.302723,2.0677304,0.34735394,-0.3960964,-0.8418505,-1.2440016,-1.1301773,1.1410788,-0.40650073,0.87883234,-0.2944803,-0.12706709,0.56728834,-0.622091,-0.31073213,-0.9241023,-0.99780804,-0.72281814,-0.49620125,-0.6339177,1.1489062,-0.9228072,-0.52691954,0.91375273,1.378269,-0.33443663,-0.29610053,-0.5428729,-0.4604418,1.154593,0.75433624,-0.22059156,-0.5018208,-0.8728246,-0.8938285,-1.0092905,-0.4970118,0.4558974,-0.20019881,2.311603,-1.1837152,1.2754476,0.34087706,1.1107049,0.50766927,-0.3589018,-0.13860638,1.509561,0.23241913,-0.97095525
72,covariance,1,0,0,0,0,0,1.4551717,1.7656401,0.910277,0.23003913,-0.80121946,-1.136847,-1.2534285,-0.8713375,-0.50854826,1.274965,-0.7735546,-1.1811845,0.0002799132,-0.1716832,-1.0998268,1.1890175,-0.94479793,2.5153043,-0.8565515,1.5744042,2.983481,-0.6433899,-0.77671933,-0.9985686,1.5142208,-1.2364243,0.81573325,0.058272943,-0.8221526,-0.8815904,0.470356,-0.09256576,-0.100736484,-0.27475485,-0.5573204,-0.50287,1.5199685,-0.45899737,-1.0554649,-0.5899432,-0.70355165,-0.44429323,-0.48519057,3.5115893,0.79435617,1.570222,-0.16137955,1.2190576,-0.5183462,0.18042886,1.7601348,1.9238017,0.060955342,-0.17341523,-0.88697976,-1.2565913,-1.1221305,0.85764694,-0.47407433,0.69209236,-0.17687541,-0.30701467,0.49202943,-0.6753319,-0.39651364,-0.9690798,-0.981473,-0.7173549,-0.50774467,-0.5383411,1.4815027,-0.9871214,-0.5476917,0.824943,1.0839493,-0.4642187,-0.032611318,-0.4947642,-0.54726326,1.4080063,0.7690769,-0.2471133,-0.5656641,-0.8973049,-1.1118747,-1.0324411,-0.42530826,0.45420268,-0.40284392,1.7231674,-1.2445916,1.5935057,0.47341496,1.1627766,0.9588618,-0.36824283,-0.061929967,1.3364455,-0.031089107,-0.86844003
73,dot_product,1,1,0,1,1,1,0.7823639,0.8013042,1.0450752,0.41009757,-0.8273744,-1.228845,-1.0664033,-0.8562381,-0.50700456,1.156016,-0.80935967,-1.011806,-0.014282893,-0.14131236,-0.98323536,1.2435331,-1.0436637,2.1432679,-0.86659676,1.3415653,3.0578558,-0.5708938,-0.47166708,-0.97431993,0.7667163,-1.0031276,0.5494791,0.06156589,-0.8429218,-0.786957,-0.22760066,-0.8826903,-0.32067695,-0.10294513,-0.6262666,-0.46778193,1.6865599,-0.6178805,-0.9727052,-0.6516843,-0.6742921,-0.54704124,-0.5089011,2.6571558,0.29512537,1.1614448,-0.25731635,0.2665439,-0.5600984,0.7754079,1.507348,1.3027753,0.037722252,-0.2914236,-0.7870185,-1.2235432,-1.155733,0.6641617,-0.47141695,0.53315413,-0.21162196,-0.2777954,0.25330326,-0.6593582,-0.4321137,-0.8155688,-0.97599345,-0.889575,-0.46533588,-0.6101274,1.4521911,-0.9557314,-0.5459484,0.12352494,0.8827796,-0.33987698,0.026692169,-0.56449467,-0.55277616,0.97895724,0.9652863,-0.3817641,-0.57031447,-0.74726176,-0.96095717,-0.87434435,-0.47370788,0.48316908,0.22236829,1.4168434,-1.0897734,1.2149826,0.63691866,0.91152465,0.42481703,-0.46765435,-0.015461103,0.8664315,0.09936036,-0.94935155
74,square,1,1,0,0,0,1,0.9381594,0.7277239,1.203157,0.115488485,-0.8098288,-1.1106861,-1.00926,-0.85514224,-0.41583383,0.6319407,-0.74280965,-1.0151238,-0.07383659,-0.1349187,-1.009011,1.5284835,-1.020215,1.6546774,-0.8616991,1.134362,3.2424605,-0.52512014,-0.7072095,-0.9115068,0.24532056,-1.0239518,0.23344795,0.044662103,-0.7848606,-0.70268756,-0.08908038,-0.9865132,-0.27721915,0.0015336312,-0.5332056,-0.6214675,0.8606361,-0.52243036,-0.9138301,-0.6149306,-0.71138644,-0.6703802,-0.525631,2.666388,1.1304007,1.2584302,-0.36906466,0.002694848,-0.6230481,0.047903992,1.6682208,1.6659123,0.0070521063,-0.39697292,-0.7157334,-1.1491666,-1.1451432,0.32194555,-0.49834913,0.5914083,-0.07495896,-0.29263616,0.44057053,-0.5733577,-0.43374577,-0.8754829,-0.9009497,-0.7264819,-0.47610384,-0.63242906,1.4498533,-0.8485173,-0.47035894,0.881325,1.1819487,-0.37203214,-0.036172625,-0.42226985,-0.41865024,1.0073397,0.9262335,-0.31805196,-0.5840044,-0.8249261,-0.9496384,-0.92246115,-0.49108094,0.81737524,-0.49905735,1.8877628,-1.0757047,1.1535538,0.42712834,1.2682765,0.5151979,-0.42314062,-0.08233949,0.86069965,0.40795118,-0.9880801
75,find_max2,1,1,0,1,1,1,1.333081,1.2044191,1.3042107,0.16287386,-0.8807776,-1.1722113,-0.919395,-0.83237445,-0.3696631,0.7893879,-0.7203641,-1.099869,0.104242094,-0.13761589,-0.97253716,1.9764977,-0.6425502,1.9582292,-0.87922615,1.6149131,2.8678372,-0.5524567,-0.8466809,-0.92663115,0.80714035,-0.9566253,0.40556663,0.305727,-0.82972306,-0.6798837,-0.22894931,-0.954966,-0.096698575,0.14759625,-0.47472134,-0.4308299,1.4935067,-0.26516426,-0.9064364,-0.5873233,-0.6543379,-0.5585226,-0.46032274,3.103375,0.5392258,2.131598,-0.3153338,0.006401764,-0.4271099,0.12856461,2.0170174,1.785869,0.09074796,-0.37625286,-0.75229174,-1.2134032,-1.2681961,0.4073821,-0.43402138,0.57424474,-0.28347957,-0.2565229,0.38055018,-0.6867326,-0.4586409,-0.85127467,-0.9496905,-0.6352936,-0.462434,-0.5229719,1.5871377,-0.79971427,-0.5184626,0.78284806,1.514191,-0.43151566,-0.31465882,-0.67517245,-0.3443812,1.1510186,0.59691215,-0.12192401,-0.61086464,-0.9024897,-0.9170974,-0.87787396,-0.46714556,0.2850764,-0.42132136,1.3443063,-1.1217504,1.4356302,0.23977979,1.2946749,0.63690203,-0.2872609,-0.13580981,1.3043904,0.34918687,-0.9782366
76,chiSquare,0,1,0,0,0,1,1.4483651,1.5159217,1.0808772,0.21839982,-0.82072634,-1.1467315,-1.2383685,-0.8866426,-0.47233966,1.1268013,-0.75805956,-1.1496965,0.017896976,-0.13928747,-1.0672604,1.348011,-1.026832,2.1207666,-0.8780865,1.5775108,3.284425,-0.5993628,-0.76806444,-1.0064276,1.0477657,-1.1979116,0.55426335,0.027939947,-0.8045136,-0.86216795,0.24256782,-0.44489434,-0.14893065,-0.22603787,-0.53981227,-0.5668737,1.141913,-0.4194931,-1.0473566,-0.63207453,-0.7235532,-0.43898207,-0.5021807,3.0733879,1.0884647,1.3700866,-0.15904509,0.7231121,-0.4803914,0.109411284,1.6995503,2.0676177,0.1289148,-0.17572503,-0.6759644,-1.1835746,-1.1511396,0.7360923,-0.4367362,0.7673518,-0.2280529,-0.27258757,0.6905425,-0.60229474,-0.40625706,-0.9738433,-0.9832971,-0.70040333,-0.48185983,-0.60338265,1.5598665,-0.9386153,-0.49786535,0.9066274,1.2001448,-0.4992164,0.03398833,-0.48834446,-0.47461626,1.272904,0.83967084,-0.2521918,-0.593926,-0.90112144,-1.0461445,-1.0402828,-0.43790606,0.7192919,-0.27221525,1.9623715,-1.2304653,1.5431538,0.37956226,1.1831868,0.8628577,-0.39156953,-0.065975904,1.3695378,0.040436544,-0.9212508
77,errorRate,0,0,0,0,0,0,1.0446411,1.5185935,1.3278744,0.2349112,-0.8795274,-1.1490484,-1.0868183,-0.82660526,-0.41132337,0.88671505,-0.73607355,-1.1531931,0.065563366,-0.006051399,-1.1397542,1.3056833,-1.0918436,2.333716,-0.88172185,1.6613467,3.172775,-0.65648794,-0.75012517,-0.9727557,0.6607851,-1.1140511,0.5940277,0.03878669,-0.83236676,-0.870828,-0.057230026,-0.67930603,-0.07045699,-0.12046429,-0.5730499,-0.5535362,1.3025985,-0.3176289,-1.0587009,-0.5984492,-0.67466563,-0.63981366,-0.5130851,3.437995,0.54824024,1.5357027,-0.3273753,0.537867,-0.413663,0.12551862,2.2882729,1.9268007,0.16217755,-0.44357437,-0.8532991,-1.2789333,-1.1296649,0.60124487,-0.51848483,0.5763536,-0.20587984,-0.21194871,0.4449922,-0.7217965,-0.4581892,-0.91798395,-0.9870746,-0.7525765,-0.51198006,-0.5759776,1.1547542,-0.9279698,-0.56554085,0.74392223,1.260214,-0.45498928,-0.09027101,-0.60360783,-0.50889254,1.6028821,0.815693,-0.25293356,-0.5276887,-0.8721878,-0.95700616,-1.0466329,-0.46587488,0.42080036,-0.19672018,2.0160308,-1.2186015,1.6183017,0.41191655,0.7641327,0.8481257,-0.41066515,-0.19938801,1.2446989,-0.03763245,-0.9782285
78,bi_SearchFromTo,0,0,0,1,0,0,1.4746698,1.3548133,0.37238818,0.21187112,-0.72587395,-1.1368861,-1.1140064,-0.93836844,-0.5279454,1.2986205,-0.7155122,-1.1343746,0.16389133,-0.19591741,-0.9910831,0.4577291,-0.80690974,2.1280997,-0.6249208,2.195454,1.6636144,-0.6625126,-0.14694731,-1.0530621,1.0808064,-0.9801747,0.7336077,-0.08107359,-0.7411544,-0.87073654,0.18788971,-0.45054427,-0.106943406,-0.48834357,-0.60538715,-0.50323904,1.5980377,-0.19683327,-1.0099633,-0.61243004,-0.6521416,-0.69674,-0.55786204,2.187717,1.6594857,1.3101771,-0.12380471,0.4669631,-0.41203502,0.36693653,1.8644916,2.9058278,0.13109684,-0.30039465,-0.8182998,-1.1387513,-0.9172156,1.0816283,-0.48375127,0.59327555,-0.09478163,-0.29623675,0.6614614,-0.44576988,-0.42466748,-0.8360719,-0.9292897,-0.8261856,-0.49852923,-0.70568186,0.46334982,-0.9492005,-0.5218323,1.7396462,0.8381329,-0.33492702,0.7532413,-0.4754798,-0.41781217,0.72058606,1.7066243,-0.28127044,-0.4517019,-0.70184034,-0.6806026,-0.90022415,-0.44792357,0.8187305,0.018322717,1.8833594,-0.95808035,1.223535,0.39773166,0.8556868,0.28976735,-0.3993608,-0.13084221,1.4160908,0.08086168,-0.7618535
79,tanimotoDist,0,0,0,0,0,0,1.4372431,1.3625408,1.0370731,0.19740361,-0.81347626,-1.128605,-1.1153913,-0.8681088,-0.42896748,1.0422314,-0.7220227,-1.1026822,-0.019465365,-0.15732794,-1.0082059,1.397043,-0.9450853,1.9186783,-0.8751748,1.6164416,3.1960013,-0.5520581,-0.79115945,-0.96964824,0.8021147,-1.0750648,0.40708983,0.05935414,-0.81026435,-0.78682786,0.065536976,-0.7117098,-0.08634772,-0.1325399,-0.46642843,-0.5092071,1.2746934,-0.38263088,-0.9364414,-0.5743374,-0.7072024,-0.43848014,-0.4857609,2.6986716,0.93160635,1.5070144,-0.1719167,0.44858173,-0.33714834,0.06758915,1.6018071,2.021803,0.077371515,-0.19147007,-0.77767235,-1.2203966,-1.1697536,0.53215677,-0.4378695,0.6700136,-0.2650525,-0.27286476,0.6491098,-0.6360161,-0.39465743,-0.9597307,-0.97173834,-0.65603596,-0.46082368,-0.5624217,1.6931009,-0.83653754,-0.4777211,0.90976816,1.2850457,-0.3959447,-0.11142471,-0.48612157,-0.37881488,1.115678,0.74693954,-0.25244245,-0.6112837,-0.8763641,-0.9741633,-0.95861393,-0.42839664,0.6207758,-0.22029851,1.7915483,-1.1821932,1.4595503,0.4168747,1.3228388,0.64957774,-0.3456268,-0.03537362,1.27189,0.22577296,-0.8832549
